species,category
Achromobacter_xylosoxidans,shared
Acidaminococcus_intestini,shared
Acidovorax_A_wautersii,shared
Acinetobacter_baumannii,shared
Acinetobacter_johnsonii,shared
Acinetobacter_junii,shared
Acinetobacter_soli,shared
Acinetobacter_ursingii,shared
Actinomyces_dentalis,shared
Actinomyces_graevenitzii,shared
Actinomyces_israelii,shared
Actinomyces_massiliensis,shared
Actinomyces_naeslundii,shared
Actinomyces_oris,shared
Actinomyces_oris_A,shared
Actinomyces_oris_E,shared
Actinomyces_radicidentis,shared
Actinomyces_sp000220835,shared
Actinomyces_sp001278845,shared
Actinomyces_sp002999235,shared
Actinomyces_sp900323545,shared
Actinomyces_timonensis,shared
Agathobacter_rectalis,shared
Aggregatibacter_sp000466335,shared
Agrobacterium_pusense,shared
Alistipes_onderdonkii,shared
Alistipes_putredinis,shared
Alloprevotella_rava,shared
Alloprevotella_sp000318095,shared
Alloprevotella_sp003639005,shared
Alloprevotella_sp015257125,shared
Alloprevotella_sp015259235,shared
Alloprevotella_sp900095835,shared
Alloprevotella_sp905369775,shared
Alloprevotella_sp905371275,shared
Alloprevotella_tannerae,shared
Alloprevotella_tannerae_A,shared
Alloprevotella_tannerae_B,shared
Alloscardovia_omnicolens,shared
Anaeroglobus_micronuciformis,shared
Arachnia_propionica,shared
Arachnia_rubra,shared
Arachnia_sp905372155,shared
Bacillus_licheniformis,shared
Bacteroides_D_sp013333195,shared
Bacteroides_D_sp905373475,shared
Bacteroides_caccae,shared
Bacteroides_uniformis,shared
Bergeyella_A_cardium,shared
Bifidobacterium_adolescentis,shared
Bifidobacterium_animalis,shared
Bifidobacterium_bifidum,shared
Bifidobacterium_breve,shared
Bifidobacterium_dentium,shared
Bifidobacterium_longum,shared
Bifidobacterium_piotii,shared
Bifidobacterium_pseudocatenulatum,shared
Bifidobacterium_swidsinskii,shared
Bilophila_wadsworthia,shared
Blautia_A_wexlerae,shared
Bradyrhizobium_sp002831585,shared
Bradyrhizobium_sp003020075,shared
Brevibacterium_sediminis,shared
Brevundimonas_sp002434505,shared
Burkholderia_contaminans,shared
Butyrivibrio_sp015258065,shared
CAJPNX01_sp905372165,shared
CAJPTP01_sp905373555,shared
Capnocytophaga_bilenii,shared
Capnocytophaga_gingivalis,shared
Capnocytophaga_granulosa,shared
Capnocytophaga_leadbetteri,shared
Capnocytophaga_ochracea,shared
Capnocytophaga_sp000466425,shared
Capnocytophaga_sp905372595,shared
Capnocytophaga_sputigena,shared
Cardiobacterium_hominis,shared
Centipeda_artemidis,shared
Centipeda_felix,shared
Centipeda_massiliensis,shared
Centipeda_noxia,shared
Centipeda_sp015265235,shared
Citrobacter_B_koseri,shared
Citrobacter_freundii,shared
Comamonas_tsuruhatensis,shared
Corynebacterium_accolens,shared
Corynebacterium_argentoratense,shared
Corynebacterium_aurimucosum_E,shared
Corynebacterium_durum,shared
Corynebacterium_matruchotii,shared
Corynebacterium_striatum,shared
Cryptobacterium_curtum,shared
Cutibacterium_acnes,shared
Cutibacterium_avidum,shared
Cutibacterium_modestum,shared
Deinococcus_radiodurans,shared
Dialister_invisus,shared
Enterobacter_cloacae,shared
Enterobacter_roggenkampii,shared
Enterococcus_faecalis,shared
Escherichia_coli,shared
Eubacterium_B_sulci,shared
Ezakiella_sp900540185,shared
F0058_sp000163695,shared
F0058_sp905372135,shared
F0058_sp905372605,shared
F0428_sp003043955,shared
Fannyhessea_vaginae,shared
Fenollaria_massiliensis,shared
Fusicatenibacter_saccharivorans,shared
Gemella_sanguinis,shared
Haemophilus_A_parahaemolyticus,shared
Haemophilus_A_sputorum,shared
Haemophilus_D_parainfluenzae,shared
Haemophilus_D_parainfluenzae_J,shared
Haemophilus_D_sp900756875,shared
Haemophilus_seminalis,shared
JABZIP01_sp015258265,shared
Jonquetella_anthropi,shared
Kingella_A_denitrificans,shared
Klebsiella_aerogenes,shared
Klebsiella_pneumoniae,shared
Kocuria_palustris,shared
Kocuria_rhizophila,shared
Lacticaseibacillus_rhamnosus,shared
Lactiplantibacillus_plantarum,shared
Lactobacillus_crispatus,shared
Lactobacillus_gasseri,shared
Lactobacillus_iners,shared
Lactobacillus_paragasseri,shared
Lautropia_dentalis,shared
Lautropia_mirabilis,shared
Lawsonella_clevelandensis,shared
Lawsonella_sp018376445,shared
Ligilactobacillus_salivarius,shared
Limosilactobacillus_mucosae,shared
Limosilactobacillus_portuensis,shared
Microbacterium_aurum,shared
Microbacterium_maritypicum,shared
Micrococcus_luteus,shared
Mogibacterium_diversum,shared
Moraxella_A_cinereus,shared
Neisseria_bacilliformis,shared
Neisseria_cinerea,shared
Neisseria_elongata,shared
Neisseria_flavescens,shared
Neisseria_meningitidis,shared
Neisseria_mucosa_A,shared
Neisseria_sicca_A,shared
Neisseria_sp000090875,shared
Neisseria_sp000186165,shared
Neisseria_subflava,shared
Ochrobactrum_B_teleogrylli,shared
Olegusella_massiliensis,shared
Olsenella_F_profusa_A,shared
Olsenella_uli,shared
Oribacterium_parvum,shared
Oribacterium_sinus,shared
Oribacterium_sp015258095,shared
Ottowia_sp001262075,shared
Parabacteroides_distasonis,shared
Pauljensenia_bouchesdurhonensis,shared
Pauljensenia_odontolytica_A,shared
Pauljensenia_sp000185285,shared
Pauljensenia_sp000278725,shared
Pauljensenia_sp000308055,shared
Pauljensenia_sp000466265,shared
Pauljensenia_sp000758755,shared
Pauljensenia_sp001072465,shared
Pauljensenia_sp018382595,shared
Pauljensenia_sp902373545,shared
Pauljensenia_turicensis,shared
Peptostreptococcus_sp900759325,shared
Phascolarctobacterium_faecium,shared
Phocaeicola_coprocola,shared
Phocaeicola_plebeius_A,shared
Porphyromonas_A_somerae,shared
Porphyromonas_asaccharolytica,shared
Porphyromonas_catoniae,shared
Porphyromonas_endodontalis,shared
Porphyromonas_gingivalis,shared
Porphyromonas_pasteri,shared
Porphyromonas_sp000467855,shared
Porphyromonas_sp003640335,shared
Porphyromonas_sp018127745,shared
Porphyromonas_sp900538385,shared
Porphyromonas_sp905372565,shared
Porphyromonas_uenonis,shared
Porphyromonas_uenonis_A,shared
Prevotella_aurantiaca,shared
Prevotella_baroniae,shared
Prevotella_conceptionensis,shared
Prevotella_denticola,shared
Prevotella_disiens,shared
Prevotella_histicola,shared
Prevotella_intermedia,shared
Prevotella_jejuni,shared
Prevotella_koreensis,shared
Prevotella_loescheii,shared
Prevotella_maculosa,shared
Prevotella_melaninogenica,shared
Prevotella_melaninogenica_A,shared
Prevotella_multiformis,shared
Prevotella_nanceiensis,shared
Prevotella_nigrescens,shared
Prevotella_oris,shared
Prevotella_oulorum,shared
Prevotella_pallens,shared
Prevotella_pleuritidis,shared
Prevotella_salivae,shared
Prevotella_shahii,shared
Prevotella_sp000599605,shared
Prevotella_sp013333285,shared
Prevotella_sp015256945,shared
Prevotella_sp018127805,shared
Prevotella_sp905372445,shared
Prevotella_timonensis,shared
Prevotella_veroralis,shared
Propionibacterium_acidifaciens,shared
Proteus_mirabilis,shared
Pseudomonas_E_juntendi,shared
Pseudomonas_E_veronii,shared
Pseudomonas_aeruginosa,shared
Psychrobacter_faecalis,shared
Ralstonia_pickettii_B,shared
Rothia_aeria,shared
Rothia_dentocariosa,shared
Rothia_mucilaginosa,shared
Rothia_mucilaginosa_B,shared
Rothia_sp001808955,shared
Ruminococcus_D_bicirculans,shared
Ruminococcus_E_bromii_B,shared
Saccharimonas_sp010202265,shared
Scardovia_wiggsiae,shared
Selenomonas_sp905372355,shared
Selenomonas_sp905373085,shared
Shuttleworthia_satelles,shared
Slackia_exigua,shared
Sneathia_vaginalis,shared
Sphingobium_yanoikuyae,shared
Sphingomonas_echinoides,shared
Sphingomonas_sp017418975,shared
Staphylococcus_epidermidis,shared
Stenotrophomonas_maltophilia,shared
Stomatobaculum_longum,shared
Stomatobaculum_longum_A,shared
Streptococcus_agalactiae,shared
Streptococcus_anginosus,shared
Streptococcus_gordonii,shared
Streptococcus_infantis_B,shared
Streptococcus_rubneri,shared
Streptococcus_salivarius,shared
Streptococcus_vestibularis,shared
Tannerella_forsythia,shared
Treponema_B_denticola,shared
Treponema_C_lecithinolyticum,shared
Treponema_sp905372265,shared
Treponema_sp905373565,shared
Veillonella_atypica,shared
Veillonella_parvula_A,shared
Veillonella_rogosae,shared
Veillonella_sp900552445,shared
Veillonella_sp900757715,shared
Veillonella_tobetsuensis,shared
Xanthomonas_campestris,shared
13_2_20CM_66_19_sp021817875,GTDB_only
14_2_sp910577785,GTDB_only
14_2_sp910580195,GTDB_only
14_2_sp910587895,GTDB_only
14_2_sp910588845,GTDB_only
1XD42_69_sp011959925,GTDB_only
1XD42_69_sp022794015,GTDB_only
1XD8_76_sp003611955,GTDB_only
1XD8_76_sp910578085,GTDB_only
2_02_FULL_61_13_sp001801865,GTDB_only
2_12_FULL_67_15_sp016872535,GTDB_only
34_65_8_sp023384025,GTDB_only
3_1_20CM_4_69_9_sp001920085,GTDB_only
49_20_sp002417685,GTDB_only
62_47_sp017305535,GTDB_only
69_11_sp017304945,GTDB_only
ALPHA2B_sp005503065,GTDB_only
ALPHA2B_sp901875635,GTDB_only
AR31_sp003221595,GTDB_only
AV40_sp003218705,GTDB_only
AWTP1_13_sp024281145,GTDB_only
AWVT01_sp000469545,GTDB_only
Abiotrophia_defectiva,GTDB_only
Abiotrophia_sp001815865,GTDB_only
Abyssibacter_profundi,GTDB_only
Accumulibacter_cognatus,GTDB_only
Acetatifactor_sp003612485,GTDB_only
Acetatifactor_sp910578815,GTDB_only
Acetatifactor_sp910578995,GTDB_only
Acetatifactor_sp910583845,GTDB_only
Acetatifactor_sp910584235,GTDB_only
Acetatifactor_sp910584375,GTDB_only
Acetatifactor_sp910584435,GTDB_only
Acetatifactor_sp910585015,GTDB_only
Acetatifactor_sp910585615,GTDB_only
Achromobacter_denitrificans,GTDB_only
Achromobacter_insuavis,GTDB_only
Achromobacter_marplatensis,GTDB_only
Achromobacter_mucicolens,GTDB_only
Acidiphilium_sp021799015,GTDB_only
Acidisoma_sp009765865,GTDB_only
Acidithiobacillus_ferrooxidans,GTDB_only
Acidovorax_A_sp913774625,GTDB_only
Acidovorax_C_sp001725235,GTDB_only
Acidovorax_defluvii,GTDB_only
Acidovorax_delafieldii,GTDB_only
Acidovorax_facilis,GTDB_only
Acidovorax_kalamii,GTDB_only
Acidovorax_radicis_A,GTDB_only
Acidovorax_sp000302535,GTDB_only
Acidovorax_sp001428665,GTDB_only
Acidovorax_sp001464865,GTDB_only
Acidovorax_sp001633105,GTDB_only
Acidovorax_sp002754495,GTDB_only
Acidovorax_sp002797445,GTDB_only
Acidovorax_sp003058055,GTDB_only
Acidovorax_sp005405905,GTDB_only
Acidovorax_sp016783915,GTDB_only
Acidovorax_sp018828125,GTDB_only
Acidovorax_temperans,GTDB_only
Acinetobacter_bereziniae,GTDB_only
Acinetobacter_geminorum,GTDB_only
Acinetobacter_guillouiae,GTDB_only
Acinetobacter_gyllenbergii,GTDB_only
Acinetobacter_indicus,GTDB_only
Acinetobacter_kanungonis,GTDB_only
Acinetobacter_kookii,GTDB_only
Acinetobacter_oleivorans,GTDB_only
Acinetobacter_radioresistens,GTDB_only
Acinetobacter_schindleri,GTDB_only
Acinetobacter_sp002018365,GTDB_only
Acinetobacter_sp002135205,GTDB_only
Acinetobacter_sp002135245,GTDB_only
Acinetobacter_sp002165255,GTDB_only
Acinetobacter_sp002296655,GTDB_only
Acinetobacter_sp012371325,GTDB_only
Acinetobacter_towneri,GTDB_only
Acinetobacter_towneri_A,GTDB_only
Actinoallomurus_bryophytorum,GTDB_only
Actinoalloteichus_cyanogriseus,GTDB_only
Actinomyces_gerencseriae,GTDB_only
Actinomyces_haliotis,GTDB_only
Actinomyces_oris_B,GTDB_only
Actinomyces_oris_C,GTDB_only
Actinomyces_sp000195595,GTDB_only
Actinomyces_sp915069725,GTDB_only
Actinomyces_urogenitalis,GTDB_only
Actinomycetospora_succinea,GTDB_only
Actinosynnema_coeruleofuscum,GTDB_only
Actinotalea_carbonis,GTDB_only
Actinotalea_ferrariae,GTDB_only
Actinotignum_schaalii_A,GTDB_only
Actinotignum_timonense,GTDB_only
Actinotignum_urinale,GTDB_only
Acutalibacter_sp910589395,GTDB_only
Adlercreutzia_equolifaciens,GTDB_only
Aerococcus_christensenii,GTDB_only
Aerococcus_urinae,GTDB_only
Aerococcus_urinaeequi,GTDB_only
Aeromicrobium_sp001423335,GTDB_only
Aeromonas_caviae,GTDB_only
Aeromonas_hydrophila,GTDB_only
Aeromonas_veronii,GTDB_only
Aerophototrophica_crusticola,GTDB_only
Aerosticca_soli,GTDB_only
Aestuariivirga_sp016792865,GTDB_only
Afipia_birgiae,GTDB_only
Afipia_broomeae,GTDB_only
Agaricus_bisporus,GTDB_only
Agathobacter_faecis,GTDB_only
Agathobaculum_intestinigallinarum,GTDB_only
Agathobaculum_sp003481705,GTDB_only
Aggregatibacter_segnis_A,GTDB_only
Agilicoccus_flavus,GTDB_only
Agrobacterium_cavarae,GTDB_only
Agrobacterium_fabrum,GTDB_only
Agrobacterium_leguminum,GTDB_only
Agrobacterium_oryzihabitans,GTDB_only
Agrobacterium_sp005938205,GTDB_only
Agrobacterium_sp014851585,GTDB_only
Agrobacterium_sp943908365,GTDB_only
Agrobacterium_tumefaciens,GTDB_only
Agrococcus_casei,GTDB_only
Agrococcus_jenensis,GTDB_only
Agrococcus_sediminis,GTDB_only
Agrococcus_sp018308945,GTDB_only
Agrococcus_sp900117395,GTDB_only
Agrococcus_terreus,GTDB_only
Agromyces_cavernae,GTDB_only
Akanthomyces_lecanii,GTDB_only
Akkermansia_muciniphila,GTDB_only
Akkermansia_muciniphila_B,GTDB_only
Albitalea_sp905339355,GTDB_only
Alcaligenes_faecalis,GTDB_only
Alcaligenes_faecalis_D,GTDB_only
Alcaligenes_phenolicus,GTDB_only
Alicycliphilus_sp018054745,GTDB_only
Aliihoeflea_sp000497755,GTDB_only
Aliihoeflea_sp024105655,GTDB_only
Alistipes_A_ihumii,GTDB_only
Alistipes_A_indistinctus,GTDB_only
Alistipes_A_sp910583985,GTDB_only
Alistipes_avicola,GTDB_only
Alistipes_communis,GTDB_only
Alistipes_excrementavium,GTDB_only
Alistipes_finegoldii,GTDB_only
Alistipes_intestinipullorum,GTDB_only
Alistipes_merdavium,GTDB_only
Alistipes_provencensis,GTDB_only
Alistipes_shahii,GTDB_only
Alistipes_sp002358415,GTDB_only
Alistipes_sp002362235,GTDB_only
Alistipes_sp002428825,GTDB_only
Alistipes_sp003979135,GTDB_only
Alistipes_sp009774895,GTDB_only
Alistipes_sp900552955,GTDB_only
Alistipes_sp910576555,GTDB_only
Alistipes_sp910577475,GTDB_only
Alistipes_sp910580175,GTDB_only
Alistipes_sp910587675,GTDB_only
Alistipes_sp944320665,GTDB_only
Alistipes_sp944321945,GTDB_only
Aliterella_atlantica,GTDB_only
Aliterella_sp000332075,GTDB_only
Aliterella_sp003003885,GTDB_only
Aliterella_sp013698215,GTDB_only
Alkalibacterium_pelagium,GTDB_only
Allobaculum_sp910579655,GTDB_only
Alloprevotella_sp000437675,GTDB_only
Alloprevotella_sp002933955,GTDB_only
Alloprevotella_sp009775705,GTDB_only
Alloprevotella_sp916438195,GTDB_only
Allorhizobium_selenitireducens,GTDB_only
Allorhizobium_sp002796995,GTDB_only
Allorhizobium_sp003527225,GTDB_only
Allorhizobium_sp012927355,GTDB_only
Allorhizobium_sp024055605,GTDB_only
Allosaccharopolyspora_coralli,GTDB_only
Allosphingosinicella_sp934539295,GTDB_only
Alteraurantiacibacter_sp002341345,GTDB_only
Alteraurantiacibacter_sp024642335,GTDB_only
Alteriqipengyuania_bathyomarina,GTDB_only
Amaricoccus_sp017993425,GTDB_only
Aminobacter_carboxidus,GTDB_only
Amulumruptor_sp001689515,GTDB_only
Anaerobutyricum_hallii,GTDB_only
Anaerocaecibacter_sp910587805,GTDB_only
Anaerococcus_lactolyticus,GTDB_only
Anaerococcus_prevotii,GTDB_only
Anaerococcus_sp022770135,GTDB_only
Anaerococcus_sp900258475,GTDB_only
Anaerococcus_tetradius,GTDB_only
Anaerococcus_vaginimassiliensis,GTDB_only
Anaeromyxobacter_sp022690685,GTDB_only
Anaerospora_sp002337925,GTDB_only
Anaerostipes_butyraticus,GTDB_only
Anaerotignum_faecicola,GTDB_only
Anaerotruncus_sp000403395,GTDB_only
Anaerotruncus_sp003612625,GTDB_only
Ancylobacter_novellum_A,GTDB_only
Aneurinibacillus_aneurinilyticus,GTDB_only
Angelakisella_sp900547385,GTDB_only
Angelakisella_sp910585535,GTDB_only
Anoxybacillus_A_tepidamans,GTDB_only
Aquabacterium_A_sp016213205,GTDB_only
Aquabacterium_parvum,GTDB_only
Aquabacterium_sp001770775,GTDB_only
Aquabacterium_sp002339015,GTDB_only
Aquabacterium_sp003963115,GTDB_only
Aquabacterium_sp004297345,GTDB_only
Aquabacterium_sp016000265,GTDB_only
Aquabacterium_sp016185075,GTDB_only
Aquabacterium_sp016195855,GTDB_only
Aquabacterium_sp017989885,GTDB_only
Aquabacterium_sp017994835,GTDB_only
Aquabacterium_sp021768455,GTDB_only
Aquabacterium_sp021819435,GTDB_only
Aquabacterium_sp022566735,GTDB_only
Aquabacterium_sp903871865,GTDB_only
Aquabacterium_sp903894125,GTDB_only
Aquabacterium_sp913773725,GTDB_only
Aquabacterium_sp943908475,GTDB_only
Aquamicrobium_A_sp023419995,GTDB_only
Aquihabitans_sp019639095,GTDB_only
Aquincola_tertiaricarbonis_A,GTDB_only
Aquincola_tertiaricarbonis_B,GTDB_only
Aquisediminimonas_A_sediminicola,GTDB_only
Arachnia_antarctica,GTDB_only
Arachnia_bendigoensis,GTDB_only
Arachnia_defluvii,GTDB_only
Arachnia_flavescens,GTDB_only
Arachnia_massiliensis,GTDB_only
Arachnia_oleiagri,GTDB_only
Arachnia_rhinocerotis,GTDB_only
Arachnia_sp013333945,GTDB_only
Arcanobacterium_A_urinimassiliense,GTDB_only
Aromatoleum_petrolei,GTDB_only
Arsenicicoccus_bolidensis,GTDB_only
Arthrobacter_B_sp023022985,GTDB_only
Arthrobacter_D_ruber,GTDB_only
Arthrobacter_D_sp003075455,GTDB_only
Arthrobacter_E_woluwensis,GTDB_only
Arthrobacter_luteus_A,GTDB_only
Arthrobacter_oxydans,GTDB_only
Arthrobacter_polychromogenes,GTDB_only
Arthrobacter_sp000374865,GTDB_only
Arthrobacter_sp018613795,GTDB_only
Arthrobacter_sp900168295,GTDB_only
Arthrobacter_sp900537115,GTDB_only
Asanoa_iriomotensis,GTDB_only
Aspergillus_costiformis,GTDB_only
Aspergillus_flavus,GTDB_only
Aspergillus_fumigatus,GTDB_only
Aspergillus_lentulus,GTDB_only
Aspergillus_ustus,GTDB_only
Aspergillus_verrucosus,GTDB_only
Aspergillus_wentii,GTDB_only
Asticcacaulis_excentricus_A,GTDB_only
Atlantibacter_hermannii,GTDB_only
Atopobium_deltae,GTDB_only
Atopobium_minutum,GTDB_only
Aureimonas_A_psammosilenae,GTDB_only
Aureimonas_altamirensis,GTDB_only
Aureimonas_altamirensis_B,GTDB_only
Aureimonas_jatrophae,GTDB_only
Aureimonas_pseudogalii,GTDB_only
Aureimonas_sp001442755,GTDB_only
Aureimonas_sp001463745,GTDB_only
Aureobasidium_melanogenum,GTDB_only
Aureobasidium_pullulans,GTDB_only
Auritidibacter_ignavus,GTDB_only
Avirikenella_sp910588925,GTDB_only
Azohydromonas_aeria,GTDB_only
Azonexus_sp018828385,GTDB_only
Azospira_oryzae,GTDB_only
BM004_sp024639555,GTDB_only
BOG_935_sp003165275,GTDB_only
Bacillus_A_anthracis,GTDB_only
Bacillus_A_bombysepticus,GTDB_only
Bacillus_A_cereus,GTDB_only
Bacillus_A_nitratireducens,GTDB_only
Bacillus_A_paranthracis,GTDB_only
Bacillus_A_toyonensis,GTDB_only
Bacillus_A_wiedmannii,GTDB_only
Bacillus_H_rhizosphaerae,GTDB_only
Bacillus_amyloliquefaciens,GTDB_only
Bacillus_safensis,GTDB_only
Bacillus_subtilis,GTDB_only
Bacteroides_D_periocalifornicus,GTDB_only
Bacteroides_acidifaciens,GTDB_only
Bacteroides_caecimuris,GTDB_only
Bacteroides_cellulosilyticus,GTDB_only
Bacteroides_eggerthii,GTDB_only
Bacteroides_faecichinchillae,GTDB_only
Bacteroides_fragilis,GTDB_only
Bacteroides_fragilis_A,GTDB_only
Bacteroides_intestinalis,GTDB_only
Bacteroides_intestinalis_A,GTDB_only
Bacteroides_nordii,GTDB_only
Bacteroides_ovatus,GTDB_only
Bacteroides_salyersiae,GTDB_only
Bacteroides_sp002491635,GTDB_only
Bacteroides_sp902362375,GTDB_only
Bacteroides_sp910585845,GTDB_only
Bacteroides_sp934716785,GTDB_only
Bacteroides_stercorirosoris,GTDB_only
Bacteroides_stercoris,GTDB_only
Bacteroides_thetaiotaomicron,GTDB_only
Barnesiella_intestinihominis,GTDB_only
Barnesiella_sp944320015,GTDB_only
Baudoinia_panamericana,GTDB_only
Belnapia_moabensis,GTDB_only
Belnapia_rosea,GTDB_only
Belnapia_sp000802185,GTDB_only
Belnapia_sp902805545,GTDB_only
Bergeyella_A_sp916710115,GTDB_only
Berryella_sp001552935,GTDB_only
Berryella_sp900604965,GTDB_only
Bifidobacterium_crudilactis,GTDB_only
Bifidobacterium_globosum,GTDB_only
Bifidobacterium_infantis,GTDB_only
Bifidobacterium_leopoldii,GTDB_only
Bifidobacterium_minimum,GTDB_only
Bifidobacterium_sp003585735,GTDB_only
Bifidobacterium_sp003585845,GTDB_only
Bifidobacterium_thermophilum,GTDB_only
Bifidobacterium_vaginale,GTDB_only
Bifidobacterium_vaginale_A,GTDB_only
Bifidobacterium_vaginale_C,GTDB_only
Bifidobacterium_vaginale_D,GTDB_only
Bifidobacterium_vaginale_E,GTDB_only
Bifidobacterium_vaginale_F,GTDB_only
Bifidobacterium_vaginale_H,GTDB_only
Bilophila_sp910585945,GTDB_only
Bin5_sp009840225,GTDB_only
Blastococcus_atacamensis,GTDB_only
Blastococcus_sp003319095,GTDB_only
Blastococcus_sp003319105,GTDB_only
Blastococcus_sp016612865,GTDB_only
Blastococcus_sp020166105,GTDB_only
Blastomonas_delafieldii_A,GTDB_only
Blastomonas_ursincola,GTDB_only
Blautia_A_massiliensis,GTDB_only
Blautia_A_obeum,GTDB_only
Blautia_A_sp900066335,GTDB_only
Blautia_A_sp900066505,GTDB_only
Blautia_A_sp900541345,GTDB_only
Bordetella_B_ansorpii_C,GTDB_only
Borkfalkia_sp904373255,GTDB_only
Bosea_psychrotolerans,GTDB_only
Bosea_sp001556025,GTDB_only
Bosea_sp001556125,GTDB_only
Bosea_sp001713455,GTDB_only
Bosea_sp021732895,GTDB_only
Brachybacterium_alimentarium,GTDB_only
Brachybacterium_epidermidis,GTDB_only
Brachybacterium_halotolerans,GTDB_only
Brachybacterium_merdigallinarum,GTDB_only
Brachybacterium_muris,GTDB_only
Brachybacterium_paraconglomeratum,GTDB_only
Brachybacterium_sp014400405,GTDB_only
Brachybacterium_sp014897705,GTDB_only
Brachybacterium_squillarum,GTDB_only
Bradyrhizobium_centrosematis,GTDB_only
Bradyrhizobium_denitrificans,GTDB_only
Bradyrhizobium_diazoefficiens_A,GTDB_only
Bradyrhizobium_diazoefficiens_D,GTDB_only
Bradyrhizobium_elkanii,GTDB_only
Bradyrhizobium_guangdongense_A,GTDB_only
Bradyrhizobium_guangzhouense,GTDB_only
Bradyrhizobium_hipponense,GTDB_only
Bradyrhizobium_japonicum,GTDB_only
Bradyrhizobium_japonicum_C,GTDB_only
Bradyrhizobium_liaoningense_A,GTDB_only
Bradyrhizobium_manausense_B,GTDB_only
Bradyrhizobium_manausense_D,GTDB_only
Bradyrhizobium_oropedii,GTDB_only
Bradyrhizobium_rifense,GTDB_only
Bradyrhizobium_sacchari,GTDB_only
Bradyrhizobium_sp000244915,GTDB_only
Bradyrhizobium_sp000617845,GTDB_only
Bradyrhizobium_sp000938255,GTDB_only
Bradyrhizobium_sp001556045,GTDB_only
Bradyrhizobium_sp003963435,GTDB_only
Bradyrhizobium_sp015291645,GTDB_only
Bradyrhizobium_sp017305715,GTDB_only
Bradyrhizobium_sp018130385,GTDB_only
Bradyrhizobium_sp019748335,GTDB_only
Bradyrhizobium_sp021458635,GTDB_only
Bradyrhizobium_sp021779635,GTDB_only
Bradyrhizobium_sp022835695,GTDB_only
Bradyrhizobium_sp023073355,GTDB_only
Bradyrhizobium_sp023074185,GTDB_only
Bradyrhizobium_sp023101685,GTDB_only
Bradyrhizobium_sp023387695,GTDB_only
Bradyrhizobium_sp023387735,GTDB_only
Bradyrhizobium_sp023388935,GTDB_only
Bradyrhizobium_sp024199795,GTDB_only
Bradyrhizobium_sp024199945,GTDB_only
Bradyrhizobium_sp024586915,GTDB_only
Bradyrhizobium_sp902826195,GTDB_only
Bradyrhizobium_stylosanthis,GTDB_only
Bradyrhizobium_yuanmingense,GTDB_only
Branchiibius_hedensis,GTDB_only
Branchiibius_sp001594145,GTDB_only
Brevibacillus_C_massiliensis,GTDB_only
Brevibacillus_D_fluminis,GTDB_only
Brevibacillus_agri,GTDB_only
Brevibacillus_borstelensis,GTDB_only
Brevibacterium_casei,GTDB_only
Brevibacterium_epidermidis,GTDB_only
Brevibacterium_ihuae,GTDB_only
Brevibacterium_limosum,GTDB_only
Brevibacterium_luteolum,GTDB_only
Brevibacterium_pigmentatum,GTDB_only
Brevibacterium_ravenspurgense,GTDB_only
Brevibacterium_sp004745485,GTDB_only
Brevibacterium_sp016892625,GTDB_only
Brevibacterium_sp018137945,GTDB_only
Brevibacterium_sp021023135,GTDB_only
Brevibacterium_sp022748595,GTDB_only
Brevilactibacter_soli,GTDB_only
Brevilactibacter_sp014164685,GTDB_only
Brevundimonas_abyssalis,GTDB_only
Brevundimonas_albigilva,GTDB_only
Brevundimonas_aurantiaca,GTDB_only
Brevundimonas_bacteroides,GTDB_only
Brevundimonas_bullata,GTDB_only
Brevundimonas_diminuta,GTDB_only
Brevundimonas_huaxiensis,GTDB_only
Brevundimonas_intermedia,GTDB_only
Brevundimonas_mediterranea_A,GTDB_only
Brevundimonas_naejangsanensis,GTDB_only
Brevundimonas_sp000335735,GTDB_only
Brevundimonas_sp002157625,GTDB_only
Brevundimonas_sp002430835,GTDB_only
Brevundimonas_sp002484265,GTDB_only
Brevundimonas_sp003248455,GTDB_only
Brevundimonas_sp003248965,GTDB_only
Brevundimonas_sp005484585,GTDB_only
Brevundimonas_sp016463295,GTDB_only
Brevundimonas_sp019746095,GTDB_only
Brevundimonas_sp023451375,GTDB_only
Brevundimonas_sp023456105,GTDB_only
Brevundimonas_sp024711185,GTDB_only
Brevundimonas_vesicularis,GTDB_only
Brevundimonas_vesicularis_A,GTDB_only
Brooklawnia_sp012517405,GTDB_only
Bulleidia_sp000701725,GTDB_only
Bulleidia_sp015256455,GTDB_only
Bulleidia_sp015256775,GTDB_only
Burkholderia_ambifaria,GTDB_only
Burkholderia_arboris,GTDB_only
Burkholderia_cepacia,GTDB_only
Burkholderia_lata,GTDB_only
Burkholderia_orbicola,GTDB_only
Burkholderia_stabilis,GTDB_only
Burkholderia_vietnamiensis,GTDB_only
Butyricimonas_paravirosa,GTDB_only
Butyricimonas_sp900184685,GTDB_only
Butyricimonas_virosa,GTDB_only
CADCTG01_sp902805625,GTDB_only
CADCTG01_sp902805645,GTDB_only
CADCVW01_sp902806235,GTDB_only
CADCWF01_sp023423795,GTDB_only
CADDZP01_sp019243595,GTDB_only
CAFBRK01_sp903231505,GTDB_only
CAG_103_sp000432375,GTDB_only
CAG_115_sp910587465,GTDB_only
CAG_170_sp000436735,GTDB_only
CAG_170_sp002404795,GTDB_only
CAG_170_sp003516765,GTDB_only
CAG_170_sp900545925,GTDB_only
CAG_177_sp003514385,GTDB_only
CAG_217_sp000436335,GTDB_only
CAG_303_sp910577835,GTDB_only
CAG_303_sp910584685,GTDB_only
CAG_303_sp910585215,GTDB_only
CAG_313_sp003539625,GTDB_only
CAG_314_sp000437915,GTDB_only
CAG_349_sp003539515,GTDB_only
CAG_41_sp910585485,GTDB_only
CAG_485_sp002361155,GTDB_only
CAG_485_sp002361215,GTDB_only
CAG_485_sp002362485,GTDB_only
CAG_485_sp002491945,GTDB_only
CAG_485_sp002493045,GTDB_only
CAG_485_sp002493515,GTDB_only
CAG_485_sp003979075,GTDB_only
CAG_485_sp009775365,GTDB_only
CAG_485_sp009775375,GTDB_only
CAG_485_sp014802425,GTDB_only
CAG_485_sp900554845,GTDB_only
CAG_485_sp910586175,GTDB_only
CAG_488_sp000434055,GTDB_only
CAG_510_sp003979355,GTDB_only
CAG_56_sp004793585,GTDB_only
CAG_791_sp900317475,GTDB_only
CAG_873_sp001689415,GTDB_only
CAG_873_sp001689665,GTDB_only
CAG_873_sp002490635,GTDB_only
CAG_873_sp009775195,GTDB_only
CAG_873_sp009775225,GTDB_only
CAG_873_sp009775265,GTDB_only
CAG_873_sp009775535,GTDB_only
CAG_873_sp011959565,GTDB_only
CAG_873_sp910578365,GTDB_only
CAG_873_sp910586995,GTDB_only
CAG_873_sp910587235,GTDB_only
CAG_873_sp910587545,GTDB_only
CAG_95_sp000403495,GTDB_only
CAG_95_sp009774465,GTDB_only
CAG_95_sp009911035,GTDB_only
CAG_95_sp009917455,GTDB_only
CAG_95_sp910579495,GTDB_only
CAG_95_sp910579685,GTDB_only
CAHJWT01_sp903643075,GTDB_only
CAIKUF01_sp016702655,GTDB_only
CAIKXV01_sp020248265,GTDB_only
CAILQO01_sp903836285,GTDB_only
CAINVI01_sp016713765,GTDB_only
CAITLX01_sp903893335,GTDB_only
CAJFPI01_sp904398675,GTDB_only
CAJXJY01_sp913055875,GTDB_only
CAKAKO01_sp916700565,GTDB_only
CALTTS01_sp943912265,GTDB_only
CALZKB01_sp945787575,GTDB_only
CFH_75059_sp022605525,GTDB_only
COE1_sp000403215,GTDB_only
COE1_sp002358575,GTDB_only
COE1_sp002490665,GTDB_only
COE1_sp003513705,GTDB_only
COE1_sp009774245,GTDB_only
COE1_sp009774345,GTDB_only
COE1_sp009774375,GTDB_only
COE1_sp009774395,GTDB_only
COE1_sp014239155,GTDB_only
COE1_sp910577115,GTDB_only
CSSed11_175R1_sp003563915,GTDB_only
CSSed11_175R1_sp007120465,GTDB_only
CSSed11_175R1_sp007120565,GTDB_only
CSSed11_175R1_sp007136095,GTDB_only
CU05_9_sp943913335,GTDB_only
Caballeronia_humilis,GTDB_only
Caballeronia_sp023631325,GTDB_only
Caldibacillus_debilis,GTDB_only
Caldimonas_manganoxidans,GTDB_only
Calonectria_ilicicola,GTDB_only
Calothrix_sp002368415,GTDB_only
Campylobacter_A_rectus,GTDB_only
Campylobacter_A_showae_A,GTDB_only
Campylobacter_B_ureolyticus,GTDB_only
Campylobacter_D_coli,GTDB_only
Campylobacter_D_jejuni,GTDB_only
Capnocytophaga_periodontitidis,GTDB_only
Cardiobacterium_sp916618745,GTDB_only
Cardiobacterium_valvarum,GTDB_only
Casimicrobium_huifangae,GTDB_only
Casp_actino8_sp010030605,GTDB_only
Caulobacter_endophyticus,GTDB_only
Caulobacter_hibisci,GTDB_only
Caulobacter_sp002737765,GTDB_only
Caulobacter_sp004342605,GTDB_only
Caulobacter_sp017745235,GTDB_only
Caulobacter_sp020161365,GTDB_only
Caulobacter_sp023445955,GTDB_only
Caulobacter_vibrioides,GTDB_only
Caulobacter_vibrioides_E,GTDB_only
Cedecea_michiganensis_A,GTDB_only
Cellulomonas_hominis_A,GTDB_only
Cellulomonas_sp001426705,GTDB_only
Cellulomonas_sp001462455,GTDB_only
Cellulomonas_sp008033115,GTDB_only
Cellulosimicrobium_funkei,GTDB_only
Centipeda_periodontii,GTDB_only
Centipeda_sp000286455,GTDB_only
Centipeda_sp001683335,GTDB_only
Centipeda_sp905372865,GTDB_only
Changpingibacter_sp022648165,GTDB_only
Chelatococcus_A_caeni,GTDB_only
Chelatococcus_A_composti,GTDB_only
Chlamydophila_abortus,GTDB_only
Choladocola_sp009774145,GTDB_only
Choladocola_sp910574965,GTDB_only
Choladocola_sp910575445,GTDB_only
Choladocola_sp910583615,GTDB_only
Choladocola_sp910587495,GTDB_only
Choladocola_sp910587765,GTDB_only
Choladousia_sp003612585,GTDB_only
Chondromyces_apiculatus,GTDB_only
Christensenella_minuta,GTDB_only
Chroococcidiopsis_millei,GTDB_only
Chroococcidiopsis_thermalis,GTDB_only
Chryseobacterium_binzhouense,GTDB_only
Chryseobacterium_gambrini,GTDB_only
Chryseobacterium_indologenes,GTDB_only
Chryseobacterium_sp017808115,GTDB_only
Citricoccus_terreus,GTDB_only
Citricoccus_zhacaiensis,GTDB_only
Citrobacter_braakii,GTDB_only
Cladosporium_cladosporioides,GTDB_only
Cladosporium_colombiae,GTDB_only
Cladosporium_endophyticum,GTDB_only
Cladosporium_oxysporum,GTDB_only
Cladosporium_sp_SW67,GTDB_only
Clavibacter_michiganensis,GTDB_only
Claviceps_purpurea,GTDB_only
Cloacibacillus_evryensis,GTDB_only
Clostridium_AQ_innocuum,GTDB_only
Clostridium_A_leptum,GTDB_only
Clostridium_Q_fessum,GTDB_only
Clostridium_Q_sp910575795,GTDB_only
Clostridium_Q_symbiosum,GTDB_only
Cnuibacter_physcomitrellae,GTDB_only
Cobetia_amphilecti,GTDB_only
Cohnella_algarum,GTDB_only
Collinsella_sp900555585,GTDB_only
Comamonas_acidovorans,GTDB_only
Comamonas_antarctica,GTDB_only
Comamonas_aquatica,GTDB_only
Comamonas_denitrificans_A,GTDB_only
Comamonas_terrigena,GTDB_only
Comamonas_thiooxydans,GTDB_only
Coprococcus_A_catus_A,GTDB_only
Coprococcus_eutactus_A,GTDB_only
Coprococcus_sp000433075,GTDB_only
Coproplasma_sp910577555,GTDB_only
Coproplasma_sp910587365,GTDB_only
Coproplasma_sp910587825,GTDB_only
Coproplasma_sp910588645,GTDB_only
Corynebacterium_afermentans,GTDB_only
Corynebacterium_amycolatum,GTDB_only
Corynebacterium_amycolatum_A,GTDB_only
Corynebacterium_appendicis,GTDB_only
Corynebacterium_atypicum,GTDB_only
Corynebacterium_aurimucosum,GTDB_only
Corynebacterium_aurimucosum_C,GTDB_only
Corynebacterium_casei,GTDB_only
Corynebacterium_comes,GTDB_only
Corynebacterium_coyleae,GTDB_only
Corynebacterium_dentalis,GTDB_only
Corynebacterium_deserti,GTDB_only
Corynebacterium_diphtheriae,GTDB_only
Corynebacterium_faecipullorum,GTDB_only
Corynebacterium_falsenii,GTDB_only
Corynebacterium_genitalium_A,GTDB_only
Corynebacterium_glucuronolyticum,GTDB_only
Corynebacterium_gottingense,GTDB_only
Corynebacterium_imitans,GTDB_only
Corynebacterium_jeikeium,GTDB_only
Corynebacterium_kefirresidentii,GTDB_only
Corynebacterium_kroppenstedtii,GTDB_only
Corynebacterium_lipophilum,GTDB_only
Corynebacterium_lujinxingii,GTDB_only
Corynebacterium_minutissimum,GTDB_only
Corynebacterium_minutissimum_A,GTDB_only
Corynebacterium_minutissimum_B,GTDB_only
Corynebacterium_mucifaciens,GTDB_only
Corynebacterium_mycetoides,GTDB_only
Corynebacterium_otitidis,GTDB_only
Corynebacterium_parakroppenstedtii,GTDB_only
Corynebacterium_pseudokroppenstedtii,GTDB_only
Corynebacterium_pyruviciproducens,GTDB_only
Corynebacterium_riegelii,GTDB_only
Corynebacterium_sanguinis,GTDB_only
Corynebacterium_simulans,GTDB_only
Corynebacterium_singulare,GTDB_only
Corynebacterium_sp000478175,GTDB_only
Corynebacterium_sp001767255,GTDB_only
Corynebacterium_sp001807485,GTDB_only
Corynebacterium_sp001812805,GTDB_only
Corynebacterium_sp001836165,GTDB_only
Corynebacterium_sp001875665,GTDB_only
Corynebacterium_sp001875725,GTDB_only
Corynebacterium_sp012837295,GTDB_only
Corynebacterium_sp017942225,GTDB_only
Corynebacterium_sp022288805,GTDB_only
Corynebacterium_sp025144025,GTDB_only
Corynebacterium_sp025144245,GTDB_only
Corynebacterium_sp900539985,GTDB_only
Corynebacterium_sp915275065,GTDB_only
Corynebacterium_sp943912665,GTDB_only
Corynebacterium_sp943913165,GTDB_only
Corynebacterium_sp943913395,GTDB_only
Corynebacterium_sp943913645,GTDB_only
Corynebacterium_sp943914355,GTDB_only
Corynebacterium_stationis,GTDB_only
Corynebacterium_tuberculostearicum,GTDB_only
Corynebacterium_tuberculostearicum_C,GTDB_only
Corynebacterium_tuberculostearicum_D,GTDB_only
Corynebacterium_variabile,GTDB_only
Corynebacterium_vitaeruminis,GTDB_only
Corynebacterium_vitaeruminis_A,GTDB_only
Corynebacterium_wankanglinii,GTDB_only
Corynespora_cassiicola,GTDB_only
Criibacterium_bergeronii,GTDB_only
Croceibacterium_sp002279825,GTDB_only
Croceibacterium_sp003569745,GTDB_only
Croceibacterium_sp018599195,GTDB_only
Croceibacterium_xixiisoli,GTDB_only
Croceicoccus_hydrothermalis,GTDB_only
Croceicoccus_mobilis,GTDB_only
Cryptobacteroides_sp002298075,GTDB_only
Cryptobacteroides_sp009774765,GTDB_only
Cryptobacteroides_sp017548445,GTDB_only
Cryptobacteroides_sp900760425,GTDB_only
Cryptobacteroides_sp910585445,GTDB_only
Cumulibacter_soli,GTDB_only
Cupriavidus_basilensis_B,GTDB_only
Cupriavidus_gilardii,GTDB_only
Cupriavidus_metallidurans,GTDB_only
Cupriavidus_sp003402535,GTDB_only
Curtobacterium_pusillum,GTDB_only
Curtobacterium_sp001742745,GTDB_only
Curtobacterium_sp003989515,GTDB_only
Curtobacterium_sp018885305,GTDB_only
Curvibacter_gracilis,GTDB_only
Curvibacter_sp003987795,GTDB_only
Curvibacter_sp903902035,GTDB_only
Curvularia_eragrostidis,GTDB_only
Cutibacterium_granulosum,GTDB_only
Cutibacterium_namnetense,GTDB_only
Cutibacterium_porci,GTDB_only
Cytobacillus_horneckiae,GTDB_only
Cytobacillus_oceanisediminis_B,GTDB_only
DSOT01_sp016202565,GTDB_only
Defluviicoccus_A_seviourii,GTDB_only
Deinococcus_aquaedulcis,GTDB_only
Deinococcus_ficus,GTDB_only
Deinococcus_fonticola,GTDB_only
Deinococcus_frigens,GTDB_only
Deinococcus_geothermalis,GTDB_only
Deinococcus_gobiensis,GTDB_only
Deinococcus_humi,GTDB_only
Deinococcus_phoenicis,GTDB_only
Deinococcus_reticulitermitis,GTDB_only
Deinococcus_soli,GTDB_only
Deinococcus_sp002017875,GTDB_only
Deinococcus_sp002953415,GTDB_only
Deinococcus_sp023370075,GTDB_only
Deinococcus_sp024171495,GTDB_only
Deinococcus_wulumuqiensis,GTDB_only
Dermabacter_hominis,GTDB_only
Dermabacter_sp025147465,GTDB_only
Dermabacter_vaginalis,GTDB_only
Dermacoccus_abyssi,GTDB_only
Dermacoccus_nishinomiyaensis,GTDB_only
Desulfovibrio_legallii,GTDB_only
Desulfovibrio_porci,GTDB_only
Desulfovibrio_sp900319575,GTDB_only
Desulfovibrio_sp910575755,GTDB_only
Devosia_naphthalenivorans,GTDB_only
Devosia_rhizoryzae,GTDB_only
Devosia_submarina,GTDB_only
Dialister_hominis,GTDB_only
Dialister_micraerophilus,GTDB_only
Dialister_sp001553355,GTDB_only
Dialister_sp900541485,GTDB_only
Diaphorobacter_A_caeni,GTDB_only
Diaphorobacter_nitroreducens,GTDB_only
Diaporthe_citrichinensis,GTDB_only
Didymella_arachidicola,GTDB_only
Dietzia_aerolata,GTDB_only
Dietzia_cercidiphylli,GTDB_only
Dietzia_intestinigallinarum,GTDB_only
Dietzia_maris,GTDB_only
Dietzia_natronolimnaea_A,GTDB_only
Dietzia_sp003052165,GTDB_only
Dietzia_timorensis,GTDB_only
Dorea_A_longicatena_B,GTDB_only
Dubosiella_sp004793885,GTDB_only
Dubosiella_sp910585105,GTDB_only
Duncaniella_dubosii,GTDB_only
Duncaniella_freteri,GTDB_only
Duncaniella_muris,GTDB_only
Duncaniella_sp001689495,GTDB_only
Duncaniella_sp001689575,GTDB_only
Duncaniella_sp910577335,GTDB_only
Duncaniella_sp910586305,GTDB_only
Duodenibacillus_intestinavium,GTDB_only
Duodenibacillus_sp900552545,GTDB_only
Dyella_A_ginsengisoli,GTDB_only
Dyella_B_acidiphila,GTDB_only
Dysosmobacter_sp009774015,GTDB_only
Dysosmobacter_sp022795445,GTDB_only
Dysosmobacter_sp910575505,GTDB_only
Dysosmobacter_sp910576865,GTDB_only
Dysosmobacter_sp910577405,GTDB_only
Dysosmobacter_sp910588005,GTDB_only
Dysosmobacter_sp910588175,GTDB_only
ER4_sp000765235,GTDB_only
ER4_sp003522105,GTDB_only
ER4_sp900317525,GTDB_only
Edwardsiella_tarda,GTDB_only
Eggerthella_lenta,GTDB_only
Eggerthella_sinensis,GTDB_only
Egicoccus_halophilus,GTDB_only
Egicoccus_sp018335555,GTDB_only
Eikenella_corrodens,GTDB_only
Eikenella_shayeganii,GTDB_only
Eisenbergiella_merdigallinarum,GTDB_only
Eisenbergiella_sp900066775,GTDB_only
Eisenbergiella_tayi,GTDB_only
Emergencia_sp022767345,GTDB_only
Enemella_evansiae,GTDB_only
Enorma_massiliensis,GTDB_only
Ensifer_adhaerens,GTDB_only
Ensifer_sp002002725,GTDB_only
Enterenecus_sp021770845,GTDB_only
Enterenecus_sp910577525,GTDB_only
Enterenecus_sp910579155,GTDB_only
Enterenecus_sp910579595,GTDB_only
Enterenecus_sp910585265,GTDB_only
Enterenecus_sp910587205,GTDB_only
Enterenecus_sp910587255,GTDB_only
Enterenecus_sp910587285,GTDB_only
Enterenecus_sp910588105,GTDB_only
Enterenecus_sp910588495,GTDB_only
Enterobacter_hormaechei_A,GTDB_only
Enterocloster_bolteae,GTDB_only
Enterocloster_citroniae,GTDB_only
Enterococcus_B_faecium,GTDB_only
Enterococcus_D_gallinarum,GTDB_only
Enterococcus_I_lemanii,GTDB_only
Enterorhabdus_sp009911695,GTDB_only
Epicoccum_nigrum,GTDB_only
Epicoccum_sp_F181,GTDB_only
Epilithonimonas_bovis,GTDB_only
Erythrobacter_cryptus,GTDB_only
Erythrobacter_insulae,GTDB_only
Erythrobacter_lutimaris_A,GTDB_only
Erythrobacter_sp000331285,GTDB_only
Erythrobacter_sp013822125,GTDB_only
Erythrobacter_sp013822695,GTDB_only
Escherichia_albertii,GTDB_only
Escherichia_coli_E,GTDB_only
Escherichia_fergusonii,GTDB_only
Escherichia_marmotae,GTDB_only
Escherichia_ruysiae,GTDB_only
Escherichia_sp002965065,GTDB_only
Escherichia_sp005843885,GTDB_only
Eubacterium_B_infirmum,GTDB_only
Eubacterium_F_sp910589595,GTDB_only
Eubacterium_J_sp910574915,GTDB_only
Eubacterium_J_sp910577225,GTDB_only
Eubacterium_J_sp910586445,GTDB_only
Eubacterium_R_sp910584985,GTDB_only
Evtepia_sp004556345,GTDB_only
Exiguobacterium_A_indicum,GTDB_only
Exophiala_sp_LBMH1013,GTDB_only
Ezakiella_coagulans,GTDB_only
Ezakiella_sp022778715,GTDB_only
F1_20_MAGs119_sp018970175,GTDB_only
F1_60_MAGs163_sp903830015,GTDB_only
F23_B02_sp001916715,GTDB_only
F2B08_sp009184895,GTDB_only
F2B08_sp012729695,GTDB_only
Facklamia_hominis,GTDB_only
Faecalibacterium_longum,GTDB_only
Faecalibacterium_prausnitzii_D,GTDB_only
Faecalibacterium_sp900539945,GTDB_only
Faecalibaculum_rodentium,GTDB_only
Faecaligallichristensenella_faecipullorum,GTDB_only
Faecalimonas_phoceensis,GTDB_only
Faecalimonas_sp000209385,GTDB_only
Faecalimonas_umbilicata,GTDB_only
Faecivicinus_avistercoris,GTDB_only
Faecivivens_sp022793675,GTDB_only
Faecousia_faecigallinarum,GTDB_only
Faecousia_gallistercoris,GTDB_only
Faecousia_sp000434635,GTDB_only
Faecousia_sp003525905,GTDB_only
Faecousia_sp015068455,GTDB_only
Faecousia_sp021771675,GTDB_only
Faecousia_sp022781505,GTDB_only
Faecousia_sp900546075,GTDB_only
Fannyhessea_massiliensis,GTDB_only
Fastidiosipila_sanguinis,GTDB_only
Fenollaria_sp900539225,GTDB_only
Fenollaria_sp900539725,GTDB_only
Fibrobacter_sp001603905,GTDB_only
Fibrobacter_sp017526585,GTDB_only
Fibrobacter_sp900142475,GTDB_only
Fibrobacter_sp900142495,GTDB_only
Filifactor_alocis,GTDB_only
Filobasidium_uniguttulatum,GTDB_only
Fimadaptatus_sp900553645,GTDB_only
Fimenecus_sp000432435,GTDB_only
Fimenecus_sp021769885,GTDB_only
Fimenecus_sp900540295,GTDB_only
Fimivicinus_sp900544715,GTDB_only
Fimivivens_sp900113995,GTDB_only
Finegoldia_magna,GTDB_only
Finegoldia_magna_H,GTDB_only
Firm_04_sp001603005,GTDB_only
Flavobacterium_sp001428525,GTDB_only
Flavobacterium_sp001429765,GTDB_only
Flavobacterium_sp023390775,GTDB_only
Flavonifractor_plautii,GTDB_only
Friedmanniella_luteola,GTDB_only
Frondihabitans_sp001423105,GTDB_only
Fusarium_fujikuroi,GTDB_only
Fusobacterium_C_necrophorum,GTDB_only
GCA_002050365_sp902805935,GTDB_only
GN02_873_sp003260345,GTDB_only
GWC2_73_18_sp001794945,GTDB_only
Ga0077523_sp019745565,GTDB_only
Ga0077523_sp019747905,GTDB_only
Ga0077548_sp019635635,GTDB_only
Ga0077550_sp001464385,GTDB_only
Ga0077555_sp001464755,GTDB_only
Gallacutalibacter_pullicola,GTDB_only
Gallibacter_brachus,GTDB_only
Gallimonas_sp910578065,GTDB_only
Gallimonas_sp910585595,GTDB_only
Gallimonas_sp910586985,GTDB_only
Gallimonas_sp910588465,GTDB_only
Gemella_asaccharolytica,GTDB_only
Gemella_morbillorum,GTDB_only
Gemmatimonas_sp002483225,GTDB_only
Gemmiger_formicilis,GTDB_only
Gemmiger_qucibialis,GTDB_only
Gemmiger_sp900540775,GTDB_only
Gemmobacter_B_sp011059185,GTDB_only
Gemmobacter_fulvus,GTDB_only
Geobacillus_stearothermophilus,GTDB_only
Geobacillus_thermoleovorans,GTDB_only
Geobacillus_thermophilus,GTDB_only
Geodermatophilus_amargosae,GTDB_only
Geodermatophilus_bullaregiensis,GTDB_only
Geodermatophilus_dictyosporus,GTDB_only
Geodermatophilus_nigrescens,GTDB_only
Geodermatophilus_obscurus,GTDB_only
Geodermatophilus_obscurus_B,GTDB_only
Giesbergeria_sp003096555,GTDB_only
Giesbergeria_sp023150295,GTDB_only
Glaciimonas_immobilis,GTDB_only
Gleimia_europaea_A,GTDB_only
Glycomyces_sp021793335,GTDB_only
Golovinomyces_cichoracearum,GTDB_only
Golubevia_pallescens,GTDB_only
Gordonia_B_jinhuaensis,GTDB_only
Gordonia_aichiensis,GTDB_only
Gordonia_bronchialis,GTDB_only
Gordonia_hongkongensis,GTDB_only
Gordonia_jacobaea,GTDB_only
Gordonia_sputi,GTDB_only
Gordonibacter_pamelaeae,GTDB_only
Granulicatella_adiacens,GTDB_only
Granulicatella_sp001058355,GTDB_only
Granulicatella_sp905371865,GTDB_only
Gryllotalpicola_protaetiae,GTDB_only
Gulosibacter_faecalis,GTDB_only
Gulosibacter_molinativorax,GTDB_only
HGM05190_sp900759815,GTDB_only
HGM11616_sp900761075,GTDB_only
HGM12545_sp900761925,GTDB_only
HOT_345_sp013333295,GTDB_only
HOT_345_sp013333605,GTDB_only
HOT_345_sp916049765,GTDB_only
HY158_sp009660225,GTDB_only
Haematobacter_massiliensis,GTDB_only
Haemophilus_D_sp905205995,GTDB_only
Haemophilus_haemolyticus,GTDB_only
Haemophilus_influenzae,GTDB_only
Haladaptatus_litoreus,GTDB_only
Halalkalicoccus_jeotgali,GTDB_only
Halalkalicoccus_paucihalophilus,GTDB_only
Halalkalicoccus_sp022561895,GTDB_only
Halalkalicoccus_subterraneus,GTDB_only
Halanaeroarchaeum_sp024972755,GTDB_only
Halioglobus_sp003646415,GTDB_only
Haloactinopolyspora_sp021793295,GTDB_only
Halococcus_sp003021705,GTDB_only
Halodesulfurarchaeum_formicicum,GTDB_only
Haloferax_mediterranei,GTDB_only
Halogeometricum_pallidum,GTDB_only
Halomicrobium_sp009617995,GTDB_only
Halomonas_B_sp001971685,GTDB_only
Halomonas_B_sp014779595,GTDB_only
Halomonas_aerodenitrificans,GTDB_only
Halomonas_borealis,GTDB_only
Halomonas_desiderata,GTDB_only
Halomonas_endophytica,GTDB_only
Halomonas_ethanolica,GTDB_only
Halomonas_halophila,GTDB_only
Halomonas_litopenaei,GTDB_only
Halomonas_montanilacus,GTDB_only
Halomonas_saliphila,GTDB_only
Halomonas_sp003182195,GTDB_only
Halomonas_sp003202205,GTDB_only
Halomonas_sp015595025,GTDB_only
Halomonas_sp023094245,GTDB_only
Halomonas_stercoripullorum,GTDB_only
Halomonas_tianxiuensis,GTDB_only
Halomonas_zhangzhouensis,GTDB_only
Halonotius_aquaticus,GTDB_only
Halonotius_pteroides,GTDB_only
Haloplanus_salinus,GTDB_only
Halopseudomonas_sp012735335,GTDB_only
Halorientalis_persica,GTDB_only
Halorientalis_regularis,GTDB_only
Halorubrum_ezzemoulense,GTDB_only
Halorubrum_rutilum,GTDB_only
Halorubrum_sp003721435,GTDB_only
Halorubrum_sp018623055,GTDB_only
Halorussus_rarus,GTDB_only
Halorussus_sp010747475,GTDB_only
Halosegnis_longus,GTDB_only
Halosegnis_rubeus,GTDB_only
Halovivax_sp007119345,GTDB_only
Harringtonia_lauricola,GTDB_only
Helicobacter_B_macacae,GTDB_only
Helicobacter_C_hepaticus,GTDB_only
Helicobacter_C_typhlonius,GTDB_only
Helicobacter_D_ganmani,GTDB_only
Helicobacter_pylori_CJ,GTDB_only
Herbaspirillum_aquaticum,GTDB_only
Herbaspirillum_huttiense,GTDB_only
Herbiconiux_ginsengi,GTDB_only
Herbiconiux_sp024979295,GTDB_only
Herminiimonas_contaminans,GTDB_only
Hornefia_minuta,GTDB_only
Hydrocarboniphaga_effusa,GTDB_only
Hydrogenophaga_aromaticivorans,GTDB_only
Hydrogenophaga_sp013823505,GTDB_only
Hydrogenophaga_sp018780075,GTDB_only
Hydrogenophaga_sp018903185,GTDB_only
Hydrogenophaga_sp021166755,GTDB_only
Hydrogenophilus_thermoluteolus,GTDB_only
Hylemonella_sp002454975,GTDB_only
Hymenobacter_sp004684095,GTDB_only
Hymenobacter_sp006352025,GTDB_only
Hymenobacter_sp017571525,GTDB_only
Hymenobacter_sp020421205,GTDB_only
Hyphomicrobium_B_sp002928395,GTDB_only
Hyphomicrobium_B_sp002928955,GTDB_only
IMCC26134_A_sp903869675,GTDB_only
Ideonella_paludis,GTDB_only
Intestinibacillus_massiliensis,GTDB_only
Intestinimonas_butyriciproducens,GTDB_only
Intestinimonas_massiliensis,GTDB_only
Intrasporangium_calvum,GTDB_only
Irpex_sp_Y119_03,GTDB_only
Isoptericola_cucumis,GTDB_only
JAABRB01_sp020848075,GTDB_only
JAAUTJ01_sp014696105,GTDB_only
JAAYXG01_sp017577615,GTDB_only
JAAZOP01_sp012797735,GTDB_only
JABCPE02_sp013333255,GTDB_only
JABCPH02_sp013333235,GTDB_only
JACCRW01_sp024330215,GTDB_only
JACCTH01_sp013812505,GTDB_only
JACCWD01_sp013697825,GTDB_only
JACCXM01_sp013697005,GTDB_only
JACDQM01_sp015657635,GTDB_only
JACKBJ01_sp020634625,GTDB_only
JACKEH01_sp019637115,GTDB_only
JACKOQ01_sp024234215,GTDB_only
JACKOY01_sp024233935,GTDB_only
JACQZL01_sp016213865,GTDB_only
JACRIN01_sp023150475,GTDB_only
JADGOP01_sp017882935,GTDB_only
JADZFZ01_sp020854145,GTDB_only
JAEUHS01_sp016794425,GTDB_only
JAEUPI01_sp016790175,GTDB_only
JAEWPB01_sp023399465,GTDB_only
JAEXNA01_sp023447635,GTDB_only
JAFAFE01_sp023423655,GTDB_only
JAFDBW01_sp019313105,GTDB_only
JAFDCJ01_sp945787595,GTDB_only
JAFDVJ01_sp902826505,GTDB_only
JAFGJF01_sp016929205,GTDB_only
JAFKFH01_sp017307375,GTDB_only
JAFKGK01_sp017307165,GTDB_only
JAFLDD01_sp017302575,GTDB_only
JAFLTL01_sp910578395,GTDB_only
JAGBWK01_sp004102805,GTDB_only
JAGVGS01_sp020057015,GTDB_only
JAGVLI01_sp020054355,GTDB_only
JAGXSE01_sp018333865,GTDB_only
JAHEKF01_sp024638465,GTDB_only
JAHWJY01_sp019348135,GTDB_only
JAHWKW01_sp019347675,GTDB_only
JAIUNP01_sp020161975,GTDB_only
JAJDNS01_sp022340585,GTDB_only
JAJYNJ01_sp021785175,GTDB_only
JAKARV01_sp021784675,GTDB_only
JAKAXS01_sp021816505,GTDB_only
JJ008_sp002069045,GTDB_only
Janibacter_A_massiliensis,GTDB_only
Janibacter_alkaliphilus,GTDB_only
Janibacter_anophelis,GTDB_only
Janibacter_corallicola,GTDB_only
Janibacter_hoylei,GTDB_only
Janibacter_indicus,GTDB_only
Janibacter_limosus_A,GTDB_only
Janibacter_merdipullorum,GTDB_only
Janibacter_sp001428305,GTDB_only
Janibacter_terrae,GTDB_only
Jeotgalibacillus_malaysiensis,GTDB_only
Jeotgalicoccus_sp003513765,GTDB_only
Johnsonella_sp916438835,GTDB_only
KA00274_sp001552885,GTDB_only
KA00274_sp902373515,GTDB_only
KK5_sp001984095,GTDB_only
Kaistella_haifensis,GTDB_only
Ketogulonicigenium_vulgare,GTDB_only
Kineococcus_rhizosphaerae,GTDB_only
Kineothrix_sp011958945,GTDB_only
Kineothrix_sp910587275,GTDB_only
Kingella_B_oralis,GTDB_only
Klebsiella_michiganensis,GTDB_only
Klenkia_sp001424455,GTDB_only
Klenkia_taihuensis,GTDB_only
Klenkia_terrae,GTDB_only
Knoellia_flava,GTDB_only
Knoellia_remsis,GTDB_only
Kocuria_carniphila,GTDB_only
Kocuria_marina,GTDB_only
Kocuria_marina_A,GTDB_only
Kocuria_rosea,GTDB_only
Kocuria_salsicia,GTDB_only
Kocuria_sp025149945,GTDB_only
Kocuria_turfanensis,GTDB_only
Kocuria_varians,GTDB_only
Kribbella_sp004345365,GTDB_only
Kribbia_dieselivorans,GTDB_only
Kroppenstedtia_eburnea,GTDB_only
L1I39_sp017742835,GTDB_only
Labilithrix_sp019637155,GTDB_only
Labilithrix_sp022842465,GTDB_only
Lachnoanaerobaculum_gingivalis,GTDB_only
Lachnoanaerobaculum_orale,GTDB_only
Lachnoclostridium_B_sp910574185,GTDB_only
Lachnoclostridium_B_sp910589275,GTDB_only
Lachnospira_rogosae,GTDB_only
Lacticaseibacillus_paracasei,GTDB_only
Lacticaseibacillus_zeae,GTDB_only
Lactobacillus_acidophilus,GTDB_only
Lactobacillus_jensenii,GTDB_only
Lactobacillus_johnsonii,GTDB_only
Lactobacillus_mulieris,GTDB_only
Lacunisphaera_sp903906135,GTDB_only
Lancefieldella_rimae,GTDB_only
Lancefieldella_sp000564995,GTDB_only
Laribacter_hongkongensis,GTDB_only
Lawsonella_clevelandensis_A,GTDB_only
Lawsonibacter_sp022791075,GTDB_only
Lawsonibacter_sp022795855,GTDB_only
Lawsonibacter_sp910575265,GTDB_only
Lawsonibacter_sp910588635,GTDB_only
Lecanicillium_sp_S3808,GTDB_only
Leclercia_sp002902985,GTDB_only
Leifsonia_sp013359685,GTDB_only
Leifsonia_sp017565305,GTDB_only
Leifsonia_sp023386675,GTDB_only
Lentihominibacter_excrementipullorum,GTDB_only
Lentzea_albida,GTDB_only
Leptolyngbya_A_ohadii,GTDB_only
Leptotrichia_A_sp000469505,GTDB_only
Leptotrichia_sp018128225,GTDB_only
Leptotrichia_wadei_A,GTDB_only
Leucobacter_aridicollis_A,GTDB_only
Leucobacter_komagatae,GTDB_only
Leucobacter_luti_A,GTDB_only
Leuconostoc_mesenteroides,GTDB_only
Levyella_massiliensis,GTDB_only
Lichenihabitans_ramalinae,GTDB_only
Lichenihabitans_sp021730615,GTDB_only
Ligilactobacillus_murinus,GTDB_only
Limimorpha_sp017649945,GTDB_only
Limimorpha_sp900315175,GTDB_only
Limiplasma_merdipullorum,GTDB_only
Limiplasma_sp900548145,GTDB_only
Limisoma_sp000437795,GTDB_only
Limivicinus_sp002371675,GTDB_only
Limivicinus_sp002493305,GTDB_only
Limivicinus_sp900317375,GTDB_only
Limivicinus_sp900319835,GTDB_only
Limivicinus_sp902802215,GTDB_only
Limivivens_sp900543575,GTDB_only
Limnobacter_humi,GTDB_only
Limnobacter_sp002954425,GTDB_only
Limnocylindrus_sp903851225,GTDB_only
Limnohabitans_A_sp003063415,GTDB_only
Limnohabitans_sp009923505,GTDB_only
Limnohabitans_sp903845315,GTDB_only
Limosilactobacillus_urinaemulieris,GTDB_only
Listeria_monocytogenes_B,GTDB_only
Lophium_mytilinum,GTDB_only
Luteimonas_D_sp001717465,GTDB_only
Luteimonas_D_sp002307375,GTDB_only
Luteimonas_D_sp002324875,GTDB_only
Luteimonas_D_sp008312895,GTDB_only
Luteimonas_D_wenzhouensis,GTDB_only
Luteipulveratus_mongoliensis,GTDB_only
Lysinibacillus_fusiformis,GTDB_only
Lysobacter_B_sp011300685,GTDB_only
Lysobacter_B_sp023461075,GTDB_only
Lysobacter_F_thermophilus,GTDB_only
MED_G138_sp020633195,GTDB_only
MGBC100798_sp910588545,GTDB_only
MGBC114844_sp910585255,GTDB_only
MGBC120929_sp910583735,GTDB_only
MGBC124762_sp910579775,GTDB_only
MGBC131033_sp910585655,GTDB_only
MGBC157735_sp910588155,GTDB_only
MGBC161649_sp910587685,GTDB_only
MGBC163016_sp910588945,GTDB_only
MTP4_sp000970045,GTDB_only
Macrococcus_B_caseolyticus,GTDB_only
Mageeibacillus_indolicus,GTDB_only
Mailhella_sp003512875,GTDB_only
Malassezia_furfur,GTDB_only
Malassezia_globosa,GTDB_only
Malassezia_japonica,GTDB_only
Malassezia_restricta,GTDB_only
Malassezia_slooffiae,GTDB_only
Malassezia_sympodialis,GTDB_only
Malasseziomycetes_sp,GTDB_only
Marihabitans_asiaticum,GTDB_only
Marihabitans_melonis,GTDB_only
Marinifilum_sp009295825,GTDB_only
Marinobacter_sp019392195,GTDB_only
Marmoricola_aurantiacus,GTDB_only
Marmoricola_scoriae,GTDB_only
Marseille_P3106_sp022794215,GTDB_only
Marseille_P3106_sp910577415,GTDB_only
Marseille_P3106_sp910585735,GTDB_only
Marseille_P3106_sp910587345,GTDB_only
Massilicoli_timonensis,GTDB_only
Mediterranea_ndongoniae,GTDB_only
Mediterraneibacter_caccavium,GTDB_only
Mediterraneibacter_excrementipullorum,GTDB_only
Mediterraneibacter_faecipullorum,GTDB_only
Mediterraneibacter_lactaris,GTDB_only
Megamonas_funiformis,GTDB_only
Megasphaera_elsdenii,GTDB_only
Megasphaera_lornae,GTDB_only
Meiothermus_B_silvanus,GTDB_only
Merdimorpha_sp003150615,GTDB_only
Merdisoma_sp910587955,GTDB_only
Merdivicinus_excrementipullorum,GTDB_only
Mesobacillus_selenatarsenatis_A,GTDB_only
Mesorhizobium_australicum,GTDB_only
Mesorhizobium_defluvii,GTDB_only
Mesorhizobium_sp004016445,GTDB_only
Mesosutterella_multiformis,GTDB_only
Metamycoplasma_hominis,GTDB_only
Methanomicrobium_sp017553245,GTDB_only
Methylobacterium_ajmalii,GTDB_only
Methylobacterium_aquaticum,GTDB_only
Methylobacterium_aquaticum_C,GTDB_only
Methylobacterium_brachiatum,GTDB_only
Methylobacterium_cerastii,GTDB_only
Methylobacterium_dankookense,GTDB_only
Methylobacterium_frigidaeris,GTDB_only
Methylobacterium_fujisawaense,GTDB_only
Methylobacterium_gregans,GTDB_only
Methylobacterium_haplocladii,GTDB_only
Methylobacterium_hispanicum,GTDB_only
Methylobacterium_indicum,GTDB_only
Methylobacterium_isbiliense,GTDB_only
Methylobacterium_jeotgali,GTDB_only
Methylobacterium_longum,GTDB_only
Methylobacterium_organophilum,GTDB_only
Methylobacterium_oryzihabitans,GTDB_only
Methylobacterium_persicinum,GTDB_only
Methylobacterium_podarium,GTDB_only
Methylobacterium_populi_A,GTDB_only
Methylobacterium_pseudosasicola,GTDB_only
Methylobacterium_radiodurans,GTDB_only
Methylobacterium_radiotolerans,GTDB_only
Methylobacterium_rhodesianum,GTDB_only
Methylobacterium_sp001423085,GTDB_only
Methylobacterium_sp003173775,GTDB_only
Methylobacterium_sp003201865,GTDB_only
Methylobacterium_sp008039875,GTDB_only
Methylobacterium_sp011043735,GTDB_only
Methylobacterium_sp019216885,GTDB_only
Methylobacterium_sp022702015,GTDB_only
Methylobacterium_sp022829285,GTDB_only
Methylobacterium_sp022829465,GTDB_only
Methylobacterium_sp022829545,GTDB_only
Methylobacterium_sp900112625,GTDB_only
Methylobacterium_suomiense,GTDB_only
Methylobacterium_tarhaniae,GTDB_only
Methylobacterium_terrae,GTDB_only
Methylobacterium_terricola,GTDB_only
Methylobacterium_thiocyanatum,GTDB_only
Methylobacterium_variabile,GTDB_only
Methylobacterium_zatmanii,GTDB_only
Methylocaldum_sp002005105,GTDB_only
Methyloceanibacter_marginalis,GTDB_only
Methylocystis_parvus,GTDB_only
Methyloversatilis_discipulorum,GTDB_only
Methyloversatilis_discipulorum_A,GTDB_only
Methyloversatilis_sp001713355,GTDB_only
Methyloversatilis_sp020621405,GTDB_only
Methyloversatilis_universalis,GTDB_only
Methyloversatilis_universalis_A,GTDB_only
Microbacterium_algeriense,GTDB_only
Microbacterium_aoyamense,GTDB_only
Microbacterium_chocolatum,GTDB_only
Microbacterium_enclense,GTDB_only
Microbacterium_enclense_A,GTDB_only
Microbacterium_esteraromaticum,GTDB_only
Microbacterium_foliorum_A,GTDB_only
Microbacterium_ihumii,GTDB_only
Microbacterium_lacticum,GTDB_only
Microbacterium_laevaniformans,GTDB_only
Microbacterium_marinum,GTDB_only
Microbacterium_oleivorans_A,GTDB_only
Microbacterium_oryzae,GTDB_only
Microbacterium_oxydans_B,GTDB_only
Microbacterium_paulum,GTDB_only
Microbacterium_profundi,GTDB_only
Microbacterium_saccharophilum,GTDB_only
Microbacterium_sp000333395,GTDB_only
Microbacterium_sp001314225,GTDB_only
Microbacterium_sp001423615,GTDB_only
Microbacterium_sp001595495,GTDB_only
Microbacterium_sp001650405,GTDB_only
Microbacterium_sp001724425,GTDB_only
Microbacterium_sp001898325,GTDB_only
Microbacterium_sp001984105,GTDB_only
Microbacterium_sp002313585,GTDB_only
Microbacterium_sp002362255,GTDB_only
Microbacterium_sp003248655,GTDB_only
Microbacterium_sp003248845,GTDB_only
Microbacterium_sp007679045,GTDB_only
Microbacterium_sp016805985,GTDB_only
Microbacterium_sp017305435,GTDB_only
Microbacterium_sp022346945,GTDB_only
Microbacterium_sp023149035,GTDB_only
Microbacterium_sp023155745,GTDB_only
Microbacterium_sp025143365,GTDB_only
Microbacterium_sp900156435,GTDB_only
Microbacterium_sp913776565,GTDB_only
Micrococcus_cohnii,GTDB_only
Micrococcus_endophyticus,GTDB_only
Micrococcus_lylae,GTDB_only
Micrococcus_sp020097155,GTDB_only
Micrococcus_sp023147585,GTDB_only
Micrococcus_sp023155805,GTDB_only
Micromonospora_globbae,GTDB_only
Micropruina_glycogenica,GTDB_only
Micropruina_sp013693855,GTDB_only
Micropruina_sp016711205,GTDB_only
Mixta_calida,GTDB_only
Mobiluncus_curtisii,GTDB_only
Mobiluncus_mulieris,GTDB_only
Mobiluncus_sp916438445,GTDB_only
Mobiluncus_sp943914685,GTDB_only
Modestobacter_marinus,GTDB_only
Modicisalibacter_xianhensis,GTDB_only
Moesziomyces_antarcticus,GTDB_only
Mogibacterium_sp916438645,GTDB_only
Mogibacterium_timidum,GTDB_only
Moraxella_A_osloensis,GTDB_only
Moraxella_A_sp002478835,GTDB_only
Moraxella_sp916720335,GTDB_only
Muribaculum_arabinoxylanisolvens,GTDB_only
Muribaculum_faecis,GTDB_only
Muribaculum_gordoncarteri,GTDB_only
Muribaculum_intestinale,GTDB_only
Muribaculum_sp002473395,GTDB_only
Muribaculum_sp910578835,GTDB_only
Murinocardiopsis_flavida,GTDB_only
Mxb001_sp903909555,GTDB_only
Mycobacterium_abscessus,GTDB_only
Mycobacterium_austroafricanum,GTDB_only
Mycobacterium_bacteremicum,GTDB_only
Mycobacterium_chelonae,GTDB_only
Mycobacterium_gilvum,GTDB_only
Mycobacterium_goodii,GTDB_only
Mycobacterium_iranicum,GTDB_only
Mycobacterium_iranicum_A,GTDB_only
Mycobacterium_iranicum_B,GTDB_only
Mycobacterium_kyogaense,GTDB_only
Mycobacterium_lentiflavum,GTDB_only
Mycobacterium_peregrinum,GTDB_only
Mycobacterium_phocaicum,GTDB_only
Mycobacterium_sp002968335,GTDB_only
Mycobacterium_sp005222675,GTDB_only
Mycobacterium_sp017853185,GTDB_only
Mycobacterium_sp018326285,GTDB_only
Mycobacterium_sp020439025,GTDB_only
Mycobacterium_sp900240975,GTDB_only
Mycobacterium_tokaiense,GTDB_only
Mycobacterium_tuberculosis,GTDB_only
Myxozyma_vanderwaltii,GTDB_only
NM07_P_09_sp004793665,GTDB_only
NM07_P_09_sp004793925,GTDB_only
NSJ_50_sp014385105,GTDB_only
Nakamurella_endophytica,GTDB_only
Nakamurella_flava,GTDB_only
Nanogingivalis_sp015257795,GTDB_only
Nanoperiomorbus_sp004136275,GTDB_only
Nanosynbacter_sp007845355,GTDB_only
Nanosynbacter_sp015257705,GTDB_only
Nanosynbacter_sp021222645,GTDB_only
Nanosynbacter_sp022819365,GTDB_only
Nanosynbacter_sp022828255,GTDB_only
Nanosynbacter_sp022828325,GTDB_only
Nanosynbacter_sp900555675,GTDB_only
Nanosynbacter_sp900556885,GTDB_only
Nanosynbacter_sp905370345,GTDB_only
Nanosynbacter_sp905373795,GTDB_only
Nanosyncoccus_sp007845165,GTDB_only
Nanosyncoccus_sp013332965,GTDB_only
Nanosyncoccus_sp017421325,GTDB_only
Nanosyncoccus_sp017514665,GTDB_only
Natronomonas_halophila,GTDB_only
Negativibacillus_massiliensis,GTDB_only
Negativibacillus_sp000435195,GTDB_only
Negativibacillus_sp910578755,GTDB_only
Negativicoccus_sp900556745,GTDB_only
Negativicoccus_succinicivorans,GTDB_only
Neisseria_cerebrosa,GTDB_only
Neisseria_flava,GTDB_only
Neisseria_flavescens_B,GTDB_only
Neisseria_flavescens_C,GTDB_only
Neisseria_mucosa,GTDB_only
Neisseria_perflava,GTDB_only
Neisseria_sicca_B,GTDB_only
Neisseria_sicca_C,GTDB_only
Neisseria_sp000227275,GTDB_only
Neisseria_sp000952795,GTDB_only
Neisseria_subflava_A,GTDB_only
Neomicrococcus_aestuarii,GTDB_only
Neomicrococcus_lactis,GTDB_only
Neorhizobium_sp943914405,GTDB_only
Nesterenkonia_alba,GTDB_only
Nesterenkonia_alkaliphila,GTDB_only
Nesterenkonia_cremea,GTDB_only
Nesterenkonia_ebinurensis,GTDB_only
Nesterenkonia_halophila,GTDB_only
Nesterenkonia_lacusekhoensis,GTDB_only
Nesterenkonia_massiliensis,GTDB_only
Nesterenkonia_muleiensis,GTDB_only
Nesterenkonia_populi,GTDB_only
Nesterenkonia_salmonea,GTDB_only
Nesterenkonia_sandarakina_A,GTDB_only
Nesterenkonia_sedimenti,GTDB_only
Nesterenkonia_sp000220985,GTDB_only
Nesterenkonia_sp001758425,GTDB_only
Nesterenkonia_sp017347085,GTDB_only
Nesterenkonia_sp019173455,GTDB_only
Nesterenkonia_sphaerica,GTDB_only
Neurospora_intermedia,GTDB_only
Niallia_sp001076885,GTDB_only
Nioella_sp003428585,GTDB_only
Nitriliruptor_alkaliphilus,GTDB_only
Nitrospira_D_sp900299245,GTDB_only
Nocardia_farcinica,GTDB_only
Nocardia_niigatensis,GTDB_only
Nocardia_rhizosphaerihabitans,GTDB_only
Nocardia_sp000381925,GTDB_only
Nocardia_uniformis,GTDB_only
Nocardioides_aquaticus,GTDB_only
Nocardioides_aromaticivorans,GTDB_only
Nocardioides_coralli,GTDB_only
Nocardioides_deserti,GTDB_only
Nocardioides_eburneiflavus,GTDB_only
Nocardioides_furvisabuli,GTDB_only
Nocardioides_halotolerans,GTDB_only
Nocardioides_humilatus,GTDB_only
Nocardioides_lacusdianchii,GTDB_only
Nocardioides_malaquae,GTDB_only
Nocardioides_panacisoli,GTDB_only
Nocardioides_sp001428125,GTDB_only
Nocardioides_sp002698575,GTDB_only
Nocardioides_sp003519585,GTDB_only
Nocardioides_sp009701885,GTDB_only
Nocardioides_sp013155335,GTDB_only
Nocardioides_sp021166815,GTDB_only
Nocardioides_sp023415395,GTDB_only
Nocardioides_sp023460975,GTDB_only
Nocardioides_sp024199985,GTDB_only
Nocardiopsis_alborubida,GTDB_only
Nocardiopsis_coralli,GTDB_only
Nocardiopsis_merdipullorum,GTDB_only
Nocardiopsis_salina,GTDB_only
Nothophoma_quercina,GTDB_only
Noviherbaspirillum_A_sp019052805,GTDB_only
Noviherbaspirillum_sp004570315,GTDB_only
Novosphingobium_aquimarinum,GTDB_only
Novosphingobium_capsulatum_A,GTDB_only
Novosphingobium_flavum,GTDB_only
Novosphingobium_fluoreni,GTDB_only
Novosphingobium_guangzhouense,GTDB_only
Novosphingobium_huizhouense,GTDB_only
Novosphingobium_olei,GTDB_only
Novosphingobium_silvae,GTDB_only
Novosphingobium_sp002198665,GTDB_only
Novosphingobium_sp002336885,GTDB_only
Novosphingobium_sp002440635,GTDB_only
Novosphingobium_sp002556635,GTDB_only
Novosphingobium_sp002916655,GTDB_only
Novosphingobium_sp009926135,GTDB_only
Novosphingobium_sp019748365,GTDB_only
Novosphingobium_sp020404405,GTDB_only
Novosphingobium_sp903828025,GTDB_only
OLB17_sp016789265,GTDB_only
OMII01_sp017853915,GTDB_only
Oceanobacillus_caeni,GTDB_only
Ochrobactrum_A_pseudogrignonensis,GTDB_only
Ochrobactrum_anthropi,GTDB_only
Ochrobactrum_intermedium,GTDB_only
Ochrobactrum_oryzae,GTDB_only
Ochrobactrum_pseudintermedium,GTDB_only
Odoribacter_sp009935865,GTDB_only
Odoribacter_sp021771575,GTDB_only
Odoribacter_sp910578105,GTDB_only
Odoribacter_sp910578985,GTDB_only
Odoribacter_sp910588375,GTDB_only
Odoribacter_sp910589025,GTDB_only
Odoribacter_splanchnicus,GTDB_only
Olsenella_F_sp001189515,GTDB_only
Olsenella_I_phocaeensis,GTDB_only
Oribacterium_asaccharolyticum,GTDB_only
Oricola_sp002698425,GTDB_only
Ornithinibacter_aureus,GTDB_only
Ornithinibacter_sp017989115,GTDB_only
Ornithinimicrobium_humiphilum,GTDB_only
Ornithinimicrobium_pekingense,GTDB_only
Orrella_dioscoreae,GTDB_only
Oxalicibacterium_flavum,GTDB_only
PALSA_894_sp005884685,GTDB_only
PUIC01_sp017418605,GTDB_only
PWLA01_sp007132965,GTDB_only
PWLR01_sp003558435,GTDB_only
PWLR01_sp020832455,GTDB_only
PXTQ01_sp003022505,GTDB_only
Paenibacillus_E_planticolens,GTDB_only
Paenibacillus_E_sp008017805,GTDB_only
Paenibacillus_G_validus,GTDB_only
Paenibacillus_rhizophilus,GTDB_only
Paenibacillus_sp900116105,GTDB_only
Palsa_465_sp019240015,GTDB_only
Palsa_465_sp019240115,GTDB_only
Pandoraea_nosoerga,GTDB_only
Pantoea_anthophila,GTDB_only
Pantoea_deleyi,GTDB_only
Pantoea_piersonii,GTDB_only
Pantoea_sp018842675,GTDB_only
Pantoea_stewartii,GTDB_only
Parabacteroides_chinchillae,GTDB_only
Parabacteroides_distasonis_A,GTDB_only
Parabacteroides_faecis,GTDB_only
Parabacteroides_goldsteinii,GTDB_only
Parabacteroides_gordonii,GTDB_only
Parabacteroides_johnsonii,GTDB_only
Parabacteroides_massiliensis,GTDB_only
Parabacteroides_merdae,GTDB_only
Parabacteroides_sp014287585,GTDB_only
Parabacteroides_sp900760525,GTDB_only
Parabacteroides_sp910577325,GTDB_only
Paraburkholderia_caledonica,GTDB_only
Paraburkholderia_phenoliruptrix,GTDB_only
Paraburkholderia_sp001931485,GTDB_only
Paraburkholderia_terrae,GTDB_only
Paracoccus_acridae,GTDB_only
Paracoccus_aeridis,GTDB_only
Paracoccus_aerius,GTDB_only
Paracoccus_chinensis,GTDB_only
Paracoccus_contaminans,GTDB_only
Paracoccus_endophyticus,GTDB_only
Paracoccus_jeotgali,GTDB_only
Paracoccus_laeviglucosivorans,GTDB_only
Paracoccus_marcusii,GTDB_only
Paracoccus_marinus,GTDB_only
Paracoccus_mutanolyticus,GTDB_only
Paracoccus_salipaludis,GTDB_only
Paracoccus_saliphilus_A,GTDB_only
Paracoccus_sanguinis,GTDB_only
Paracoccus_sediminis,GTDB_only
Paracoccus_sp001447385,GTDB_only
Paracoccus_sp007096355,GTDB_only
Paracoccus_sp013868135,GTDB_only
Paracoccus_sp014164625,GTDB_only
Paracoccus_sp016869875,GTDB_only
Paracoccus_sp021491915,GTDB_only
Paracoccus_sphaerophysae,GTDB_only
Paracoccus_suum,GTDB_only
Paracoccus_tibetensis,GTDB_only
Paracoccus_versutus,GTDB_only
Paracoccus_yeei,GTDB_only
Paracoccus_zhejiangensis,GTDB_only
Paracraurococcus_ruber_A,GTDB_only
Paramesorhizobium_salinisoli,GTDB_only
Paramuribaculum_intestinale,GTDB_only
Paramuribaculum_sp001689535,GTDB_only
Paramuribaculum_sp001689565,GTDB_only
Paramuribaculum_sp009775605,GTDB_only
Paramuribaculum_sp910579675,GTDB_only
Paramuribaculum_sp910587185,GTDB_only
Paramuribaculum_sp910588065,GTDB_only
Paraprevotella_sp910586505,GTDB_only
Pararhizobium_B_mangrovi,GTDB_only
Pararhodobacter_sp001691415,GTDB_only
Parasutterella_excrementihominis,GTDB_only
Parasutterella_sp009767915,GTDB_only
Parvibaculum_sp013823365,GTDB_only
Parvimonas_micra,GTDB_only
Pasteurella_multocida,GTDB_only
Pauljensenia_hongkongensis,GTDB_only
Pauljensenia_marseillensis,GTDB_only
Pauljensenia_odontolytica,GTDB_only
Pauljensenia_odontolytica_B,GTDB_only
Pauljensenia_odontolytica_C,GTDB_only
Pauljensenia_radingae_A,GTDB_only
Pauljensenia_sp000411415,GTDB_only
Pauljensenia_sp001064145,GTDB_only
Pauljensenia_sp001838165,GTDB_only
Pauljensenia_sp019425105,GTDB_only
Pauljensenia_sp900541895,GTDB_only
Pauljensenia_sp900556405,GTDB_only
Pauljensenia_sp902373435,GTDB_only
Pauljensenia_sp916438365,GTDB_only
Pauljensenia_sp916438945,GTDB_only
Pauljensenia_sp916439125,GTDB_only
PeH17_sp000435055,GTDB_only
Pediococcus_acidilactici,GTDB_only
Pelagibacterium_sediminicola,GTDB_only
Pelethenecus_sp910584005,GTDB_only
Pelethomonas_sp009774055,GTDB_only
Pelethomonas_sp014237695,GTDB_only
Pelethomonas_sp910577915,GTDB_only
Pelethomonas_sp910579965,GTDB_only
Pelethomonas_sp910587645,GTDB_only
Pelethomonas_sp910587785,GTDB_only
Pelomonas_depolymerans_A,GTDB_only
Pelomonas_puraquae,GTDB_only
Pelomonas_saccharophila,GTDB_only
Pelomonas_sp001425055,GTDB_only
Pelomonas_sp001425165,GTDB_only
Pelomonas_sp001425705,GTDB_only
Pelomonas_sp001426885,GTDB_only
Pelomonas_sp003963005,GTDB_only
Pelomonas_sp004211235,GTDB_only
Pelomonas_sp009996515,GTDB_only
Pelomonas_sp016195825,GTDB_only
Pelomonas_sp016790285,GTDB_only
Pelomonas_sp021353235,GTDB_only
Pelomonas_sp021353265,GTDB_only
Pelomonas_sp021738245,GTDB_only
Pelomonas_sp913777145,GTDB_only
Peptidiphaga_gingivicola,GTDB_only
Peptidiphaga_sp000466165,GTDB_only
Peptidiphaga_sp905373325,GTDB_only
Peptococcus_niger,GTDB_only
Peptoniphilus_A_grossensis,GTDB_only
Peptoniphilus_A_harei_A,GTDB_only
Peptoniphilus_A_vaginalis,GTDB_only
Peptoniphilus_B_sp000478985,GTDB_only
Peptoniphilus_C_coxii,GTDB_only
Peptoniphilus_C_sp902363535,GTDB_only
Peptoniphilus_C_sp943913915,GTDB_only
Peptoniphilus_C_urinimassiliensis,GTDB_only
Peptostreptococcus_anaerobius,GTDB_only
Peribacillus_loiseleuriae,GTDB_only
Perlucidibaca_sp023265995,GTDB_only
Phascolarctobacterium_A_sp900757795,GTDB_only
Phascolarctobacterium_sp900545535,GTDB_only
Phenylobacterium_sp001425305,GTDB_only
Phenylobacterium_sp001429025,GTDB_only
Phocaeicola_barnesiae,GTDB_only
Phocaeicola_faecicola,GTDB_only
Phocaeicola_intestinalis,GTDB_only
Phocaeicola_sartorii,GTDB_only
Phocaeicola_vulgatus,GTDB_only
Photobacterium_damselae,GTDB_only
Phreatobacter_cathodiphilus,GTDB_only
Phreatobacter_oligotrophus,GTDB_only
Phreatobacter_sp000751295,GTDB_only
Phreatobacter_sp005160265,GTDB_only
Phreatobacter_sp016793595,GTDB_only
Phreatobacter_sp022843985,GTDB_only
Phreatobacter_stygius,GTDB_only
Phytoactinopolyspora_mesophila,GTDB_only
Phytobacter_diazotrophicus,GTDB_only
Phytobacter_ursingii,GTDB_only
Pichia_kudriavzevii,GTDB_only
Pigmentiphaga_sp001898625,GTDB_only
Pigmentiphaga_sp002188635,GTDB_only
Piscicoccus_intestinalis,GTDB_only
Planctomonas_deserti,GTDB_only
Planifilum_fulgidum,GTDB_only
Planobacterium_sp023393915,GTDB_only
Planobacterium_taklimakanense,GTDB_only
Planococcus_sp002833405,GTDB_only
Plantactinospora_sp003762835,GTDB_only
Polyangium_A_brevitalea,GTDB_only
Polyangium_aurulentum,GTDB_only
Polymorphum_gilvum,GTDB_only
Polynucleobacter_acidiphobus,GTDB_only
Polynucleobacter_sp023254115,GTDB_only
Porcincola_sp902767335,GTDB_only
Porphyromonas_A_bennonis,GTDB_only
Porphyromonas_A_sp001808555,GTDB_only
Porphyromonas_A_sp900541275,GTDB_only
Porphyromonas_A_sp900554935,GTDB_only
Porphyromonas_A_sp934359325,GTDB_only
Porphyromonas_gulae,GTDB_only
Porphyromonas_macacae,GTDB_only
Porphyromonas_sp001552775,GTDB_only
Porphyromonas_sp900539155,GTDB_only
Porphyromonas_sp900539765,GTDB_only
Porphyromonas_sp900546675,GTDB_only
Porphyromonas_sp900548415,GTDB_only
Porphyromonas_sp905372525,GTDB_only
Porphyromonas_sp915070105,GTDB_only
Porphyromonas_sp927910985,GTDB_only
Porphyromonas_sp945875135,GTDB_only
Prauserella_A_endophytica,GTDB_only
Prauserella_alba,GTDB_only
Prauserella_rugosa,GTDB_only
Prauserella_sp001942305,GTDB_only
Prevotella_amnii,GTDB_only
Prevotella_bergensis,GTDB_only
Prevotella_bivia,GTDB_only
Prevotella_brunnea,GTDB_only
Prevotella_buccae,GTDB_only
Prevotella_buccalis,GTDB_only
Prevotella_colorans,GTDB_only
Prevotella_copri_A,GTDB_only
Prevotella_copri_C,GTDB_only
Prevotella_corporis,GTDB_only
Prevotella_ihumii,GTDB_only
Prevotella_melaninogenica_B,GTDB_only
Prevotella_micans,GTDB_only
Prevotella_rodentium,GTDB_only
Prevotella_sp000479005,GTDB_only
Prevotella_sp000758925,GTDB_only
Prevotella_sp001552765,GTDB_only
Prevotella_sp002305235,GTDB_only
Prevotella_sp002350805,GTDB_only
Prevotella_sp002480935,GTDB_only
Prevotella_sp002933775,GTDB_only
Prevotella_sp013166515,GTDB_only
Prevotella_sp013333935,GTDB_only
Prevotella_sp023425865,GTDB_only
Prevotella_sp900290275,GTDB_only
Prevotella_sp900313615,GTDB_only
Prevotella_sp900315095,GTDB_only
Prevotella_sp900318625,GTDB_only
Prevotella_sp900545525,GTDB_only
Prevotella_sp900547085,GTDB_only
Prevotella_sp900548585,GTDB_only
Prevotella_sp900770395,GTDB_only
Prevotella_sp902760345,GTDB_only
Prevotella_sp902800495,GTDB_only
Prevotella_sp905373605,GTDB_only
Prevotella_sp927910885,GTDB_only
Prevotella_stercorea,GTDB_only
Prevotella_timonensis_A,GTDB_only
Prevotella_vespertina,GTDB_only
Propionicimonas_sp023432725,GTDB_only
Propionimicrobium_lymphophilum,GTDB_only
Propionivibrio_sp017990155,GTDB_only
Pseudoalteromonas_lipolytica_A,GTDB_only
Pseudoalteromonas_nigrifaciens,GTDB_only
Pseudobutyricicoccus_sp910579575,GTDB_only
Pseudochelatococcus_lubricantis,GTDB_only
Pseudoclavibacter_B_triregionum,GTDB_only
Pseudoglutamicibacter_albus,GTDB_only
Pseudokineococcus_lusitanus,GTDB_only
Pseudomonas_B_luteola,GTDB_only
Pseudomonas_B_oryzihabitans,GTDB_only
Pseudomonas_B_oryzihabitans_B,GTDB_only
Pseudomonas_B_sp913774235,GTDB_only
Pseudomonas_E_alcaligenes,GTDB_only
Pseudomonas_E_alliivorans,GTDB_only
Pseudomonas_E_alloputida,GTDB_only
Pseudomonas_E_asiatica,GTDB_only
Pseudomonas_E_bharatica,GTDB_only
Pseudomonas_E_capeferrum,GTDB_only
Pseudomonas_E_chlororaphis,GTDB_only
Pseudomonas_E_deceptionensis,GTDB_only
Pseudomonas_E_edaphica,GTDB_only
Pseudomonas_E_faucium,GTDB_only
Pseudomonas_E_fluorescens,GTDB_only
Pseudomonas_E_fluorescens_E,GTDB_only
Pseudomonas_E_frederiksbergensis_J,GTDB_only
Pseudomonas_E_fulva,GTDB_only
Pseudomonas_E_helleri,GTDB_only
Pseudomonas_E_iridis,GTDB_only
Pseudomonas_E_japonica,GTDB_only
Pseudomonas_E_mandelii,GTDB_only
Pseudomonas_E_palmensis,GTDB_only
Pseudomonas_E_paracarnis,GTDB_only
Pseudomonas_E_paraglycinae,GTDB_only
Pseudomonas_E_parakoreensis,GTDB_only
Pseudomonas_E_peradeniyensis,GTDB_only
Pseudomonas_E_piscis,GTDB_only
Pseudomonas_E_psychrophila,GTDB_only
Pseudomonas_E_putida,GTDB_only
Pseudomonas_E_putida_A,GTDB_only
Pseudomonas_E_putida_H,GTDB_only
Pseudomonas_E_putida_N,GTDB_only
Pseudomonas_E_putida_T,GTDB_only
Pseudomonas_E_quercus,GTDB_only
Pseudomonas_E_shahriarae,GTDB_only
Pseudomonas_E_soli,GTDB_only
Pseudomonas_E_sp002304225,GTDB_only
Pseudomonas_E_sp002338065,GTDB_only
Pseudomonas_E_sp002874965,GTDB_only
Pseudomonas_E_sp016648105,GTDB_only
Pseudomonas_E_sp900573885,GTDB_only
Pseudomonas_E_versuta,GTDB_only
Pseudomonas_E_viridiflava,GTDB_only
Pseudomonas_F_sp014700075,GTDB_only
Pseudomonas_O_kuykendallii,GTDB_only
Pseudonocardia_abyssalis,GTDB_only
Pseudonocardia_alni,GTDB_only
Pseudonocardia_ammonioxydans,GTDB_only
Pseudonocardia_asaccharolytica,GTDB_only
Pseudonocardia_autotrophica_A,GTDB_only
Pseudonocardia_cypriaca,GTDB_only
Pseudonocardia_oceani,GTDB_only
Pseudonocardia_parietis,GTDB_only
Pseudonocardia_sp001294645,GTDB_only
Pseudooceanicola_sediminis,GTDB_only
Pseudorhizobium_flavum,GTDB_only
Pseudorhizobium_pelagicum,GTDB_only
Pseudorhodoferax_sp913776795,GTDB_only
Pseudorhodoplanes_sp019187085,GTDB_only
Pseudoxanthomonas_A_mexicana,GTDB_only
Pseudoxanthomonas_A_spadix,GTDB_only
Pseudoxanthomonas_kaohsiungensis,GTDB_only
Psychrobacter_celer,GTDB_only
Psychrobacter_piscatorii_A,GTDB_only
Puia_sp001898505,GTDB_only
Pumilibacter_muris,GTDB_only
Pumilibacter_sp022791915,GTDB_only
Pyramidobacter_piscolens,GTDB_only
Pyrenophora_tritici_repentis,GTDB_only
QAMX01_sp003149835,GTDB_only
QFNR01_sp003248485,GTDB_only
QFOP01_sp003248785,GTDB_only
QFOX01_sp003241645,GTDB_only
QH_10_67_22_sp003021305,GTDB_only
QS_5_72_10_sp003021615,GTDB_only
QXXE01_sp910586575,GTDB_only
QXXE01_sp910589115,GTDB_only
QY30_sp020622085,GTDB_only
Qipengyuania_citrea,GTDB_only
Qipengyuania_sediminis,GTDB_only
Qipengyuania_sp002695185,GTDB_only
Qipengyuania_sp018828205,GTDB_only
Qipengyuania_vulgaris,GTDB_only
Qipengyuania_xiapuensis,GTDB_only
Quadrisphaera_sp014270065,GTDB_only
Quadrisphaera_sp015390235,GTDB_only
RACS_045_sp910579785,GTDB_only
RACS_045_sp910588015,GTDB_only
RCC307_sp000063525,GTDB_only
RF16_sp902799555,GTDB_only
RFPI01_sp009926205,GTDB_only
RGIG4057_sp910577165,GTDB_only
RGIG4057_sp910577675,GTDB_only
RGIG7107_sp017538895,GTDB_only
RGIG8773_sp910586535,GTDB_only
RHKX01_sp018263295,GTDB_only
RH_AL1_sp901457705,GTDB_only
RUG099_sp902786355,GTDB_only
RUG420_sp017433225,GTDB_only
RUG420_sp900317085,GTDB_only
RUG420_sp904502175,GTDB_only
RUG754_sp902778565,GTDB_only
RUG754_sp902780845,GTDB_only
Rahnella_bonaserana,GTDB_only
Ralstonia_insidiosa,GTDB_only
Ralstonia_mannitolilytica,GTDB_only
Ralstonia_pickettii,GTDB_only
Ralstonia_pickettii_A,GTDB_only
Ralstonia_pseudosolanacearum,GTDB_only
Ralstonia_sp000620465,GTDB_only
Ralstonia_sp000801955,GTDB_only
Ralstonia_sp000955795,GTDB_only
Ralstonia_sp001078575,GTDB_only
Ralstonia_sp002298975,GTDB_only
Ralstonia_sp003851545,GTDB_only
Ralstonia_sp007997035,GTDB_only
Ralstonia_sp016429285,GTDB_only
Ralstonia_sp021173085,GTDB_only
Ralstonia_sp023955655,GTDB_only
Ralstonia_sp900115545,GTDB_only
Ralstonia_syzygii,GTDB_only
Raoultibacter_timonensis,GTDB_only
Rathayibacter_sp013204985,GTDB_only
Reyranella_sp013290035,GTDB_only
Reyranella_sp016780605,GTDB_only
Reyranella_sp018240695,GTDB_only
Reyranella_sp019235415,GTDB_only
Rhizobacter_sp001425785,GTDB_only
Rhizobacter_sp016735515,GTDB_only
Rhizobacter_sp019635355,GTDB_only
Rhizobium_C_album,GTDB_only
Rhizobium_lentis,GTDB_only
Rhizomicrobium_sp023427355,GTDB_only
Rhizorhabdus_sp001015195,GTDB_only
Rhizorhabdus_sp018006725,GTDB_only
Rhodoblastus_sp903903185,GTDB_only
Rhodococcus_aetherivorans,GTDB_only
Rhodococcus_corynebacterioides,GTDB_only
Rhodococcus_fascians,GTDB_only
Rhodococcus_sp000686025,GTDB_only
Rhodococcus_sp001647195,GTDB_only
Rhodococcus_sp002259405,GTDB_only
Rhodococcus_sp002259485,GTDB_only
Rhodococcus_triatomae_A,GTDB_only
Rhodoferax_C_bucti,GTDB_only
Rhodoferax_C_sp002163715,GTDB_only
Rhodoferax_C_sp002390825,GTDB_only
Rhodoferax_C_sp008015235,GTDB_only
Rhodopseudomonas_palustris_F,GTDB_only
Rhodovastum_atsumiense,GTDB_only
Rhodovulum_strictum,GTDB_only
Rikenella_sp910579375,GTDB_only
Risungbinella_massiliensis,GTDB_only
Rivibacter_subsaxonicus,GTDB_only
Robertmurraya_yapensis,GTDB_only
Robiginitomaculum_B_sp021776515,GTDB_only
Roseateles_depolymerans,GTDB_only
Roseburia_hominis,GTDB_only
Roseburia_sp910587865,GTDB_only
Roseomonas_B_terrae,GTDB_only
Roseomonas_D_aestuarii,GTDB_only
Roseomonas_gilardii,GTDB_only
Roseomonas_mucosa,GTDB_only
Roseomonas_pecuniae,GTDB_only
Roseomonas_pecuniae_A,GTDB_only
Roseovarius_sp014359765,GTDB_only
Roseovarius_sp018066915,GTDB_only
Rothia_amarae,GTDB_only
Rothia_koreensis,GTDB_only
Rothia_kristinae,GTDB_only
Rothia_mucilaginosa_A,GTDB_only
Rothia_sp002418375,GTDB_only
Rothia_sp002492045,GTDB_only
Rothia_sp015265375,GTDB_only
Rothia_terrae,GTDB_only
Ruania_albidiflava,GTDB_only
Rubellimicrobium_mesophilum,GTDB_only
Rubellimicrobium_rubrum,GTDB_only
Rubellimicrobium_sp902805995,GTDB_only
Rubneribacter_avistercoris,GTDB_only
Rubrivivax_gelatinosus_A,GTDB_only
Rubrivivax_rivuli,GTDB_only
Rubrivivax_sp020720385,GTDB_only
Rubrivivax_sp022843905,GTDB_only
Rubrivivax_sp903828235,GTDB_only
Ruminobacter_sp900315145,GTDB_only
Ruminococcus_B_gnavus,GTDB_only
Ruminococcus_C_callidus,GTDB_only
Ruminococcus_C_sp000433635,GTDB_only
Ruminococcus_C_sp000980705,GTDB_only
Ruminococcus_D_sp902800795,GTDB_only
Ruminococcus_E_sp003526955,GTDB_only
Ruminococcus_E_sp018918205,GTDB_only
Ruminococcus_E_sp900314795,GTDB_only
Ruminococcus_E_sp900315605,GTDB_only
Ruminococcus_E_sp900316555,GTDB_only
Ruminococcus_E_sp900317315,GTDB_only
Ruminococcus_E_sp900318495,GTDB_only
Ruminococcus_E_sp900319655,GTDB_only
Ruminococcus_E_sp902785355,GTDB_only
Ruminococcus_E_sp905215855,GTDB_only
Ruthenibacterium_lactatiformans,GTDB_only
S36_B12_sp913061025,GTDB_only
S5_A14a_sp000758905,GTDB_only
SCMQ01_sp005503335,GTDB_only
SCN_70_22_sp001724275,GTDB_only
SCN_70_22_sp014379705,GTDB_only
SCSIO_52915_sp902806065,GTDB_only
SCSIO_52915_sp902806105,GTDB_only
SFEL01_sp004557245,GTDB_only
SG_bin9_sp002083525,GTDB_only
SHYP01_sp016875695,GTDB_only
SHZI01_sp023383705,GTDB_only
SKJO01_sp007121975,GTDB_only
SKJO01_sp007134165,GTDB_only
SKLC01_sp007123425,GTDB_only
SKLC01_sp007130695,GTDB_only
SKTG01_sp007118045,GTDB_only
SKTG01_sp007120485,GTDB_only
SKTG01_sp007121785,GTDB_only
SKTG01_sp007122985,GTDB_only
SKZV01_sp007127165,GTDB_only
SLDB01_sp007125475,GTDB_only
SLMP01_sp007133465,GTDB_only
SLSJ01_sp007130525,GTDB_only
SXTU01_sp009922615,GTDB_only
SYFN01_sp903872555,GTDB_only
SYIB01_sp016873375,GTDB_only
SYSU_D60009_sp021792365,GTDB_only
SYSU_D60014_sp003576685,GTDB_only
SZUA_365_sp014860565,GTDB_only
Saccharimonas_sp002421785,GTDB_only
Saccharimonas_sp018127705,GTDB_only
Saccharococcus_caldoxylosilyticus,GTDB_only
Saccharofermentans_sp017509245,GTDB_only
Saccharomonospora_glauca,GTDB_only
Saccharomonospora_viridis,GTDB_only
Saccharomyces_cerevisiae,GTDB_only
Saccharopolyspora_C_gloriosae_A,GTDB_only
Saccharopolyspora_C_sp016526145,GTDB_only
Saccharopolyspora_endophytica,GTDB_only
Saccharopolyspora_hordei,GTDB_only
Salinibacter_ruber,GTDB_only
Salinibacter_sp913056185,GTDB_only
Salinicoccus_roseus,GTDB_only
Saliphagus_infecundisoli,GTDB_only
Salmonella_enterica,GTDB_only
Salsipaludibacter_albus,GTDB_only
Sandaracinobacteroides_hominis,GTDB_only
Sandaracinobacteroides_neustonicus,GTDB_only
Scatocola_sp910577205,GTDB_only
Scatomorpha_intestinigallinarum,GTDB_only
Scatomorpha_merdavium,GTDB_only
Scatomorpha_sp900752445,GTDB_only
Schaedlerella_sp910574865,GTDB_only
Schlegelella_thermodepolymerans,GTDB_only
Selenomonas_sp916438625,GTDB_only
Sellimonas_avistercoris,GTDB_only
Sellimonas_intestinalis,GTDB_only
Seramator_thermalis,GTDB_only
Serinicoccus_chungangensis,GTDB_only
Serinicoccus_marinus,GTDB_only
Serinicoccus_profundi,GTDB_only
Serratia_J_liquefaciens,GTDB_only
Serratia_nematodiphila,GTDB_only
Serratia_nevei,GTDB_only
Shewanella_algae,GTDB_only
Shewanella_baltica,GTDB_only
Shinella_sp001262505,GTDB_only
Shinella_yambaruensis,GTDB_only
Skermanella_aerolata,GTDB_only
Sneathia_sanguinegens,GTDB_only
Solirubrobacter_sp000425945,GTDB_only
Sphaerobacter_thermophilus,GTDB_only
Sphingobacterium_composti_A,GTDB_only
Sphingobacterium_hotanense,GTDB_only
Sphingobacterium_multivorum,GTDB_only
Sphingobacterium_sp002322865,GTDB_only
Sphingobacterium_sp002734245,GTDB_only
Sphingobium_chungbukense,GTDB_only
Sphingobium_cloacae,GTDB_only
Sphingobium_limneticum,GTDB_only
Sphingobium_quisquiliarum,GTDB_only
Sphingobium_sp001556865,GTDB_only
Sphingobium_sp001713415,GTDB_only
Sphingobium_sp006226685,GTDB_only
Sphingobium_sp013375535,GTDB_only
Sphingobium_sp016000085,GTDB_only
Sphingobium_sp018823325,GTDB_only
Sphingobium_sp021849075,GTDB_only
Sphingobium_sp022652485,GTDB_only
Sphingobium_sp913773715,GTDB_only
Sphingobium_sp918741285,GTDB_only
Sphingobium_xenophagum,GTDB_only
Sphingomicrobium_arenae,GTDB_only
Sphingomicrobium_ginkgonis,GTDB_only
Sphingomicrobium_ginsengisoli,GTDB_only
Sphingomicrobium_luteum,GTDB_only
Sphingomicrobium_sp013816595,GTDB_only
Sphingomicrobium_sp902806265,GTDB_only
Sphingomicrobium_sp902806285,GTDB_only
Sphingomonas_B_sp013044515,GTDB_only
Sphingomonas_B_sp018240865,GTDB_only
Sphingomonas_G_jatrophae,GTDB_only
Sphingomonas_G_solaris,GTDB_only
Sphingomonas_I_sp013113735,GTDB_only
Sphingomonas_M_formosensis,GTDB_only
Sphingomonas_N_oligoaromativorans,GTDB_only
Sphingomonas_N_sp903871605,GTDB_only
Sphingomonas_abaci,GTDB_only
Sphingomonas_adhaesiva,GTDB_only
Sphingomonas_aeriglobus,GTDB_only
Sphingomonas_aerolata,GTDB_only
Sphingomonas_aquatilis,GTDB_only
Sphingomonas_aracearum,GTDB_only
Sphingomonas_aurantiaca,GTDB_only
Sphingomonas_carotinifaciens,GTDB_only
Sphingomonas_citri,GTDB_only
Sphingomonas_citricola,GTDB_only
Sphingomonas_corticis,GTDB_only
Sphingomonas_desiccabilis,GTDB_only
Sphingomonas_dokdonensis,GTDB_only
Sphingomonas_excrementigallinarum,GTDB_only
Sphingomonas_faeni_A,GTDB_only
Sphingomonas_faeni_B,GTDB_only
Sphingomonas_gellani,GTDB_only
Sphingomonas_ginsenosidimutans,GTDB_only
Sphingomonas_glacialis,GTDB_only
Sphingomonas_hankookensis_A,GTDB_only
Sphingomonas_hominis,GTDB_only
Sphingomonas_japonica,GTDB_only
Sphingomonas_jinjuensis,GTDB_only
Sphingomonas_leidyi,GTDB_only
Sphingomonas_lenta,GTDB_only
Sphingomonas_metalli,GTDB_only
Sphingomonas_olei,GTDB_only
Sphingomonas_panni,GTDB_only
Sphingomonas_paucimobilis,GTDB_only
Sphingomonas_phyllosphaerae_B,GTDB_only
Sphingomonas_pseudosanguinis,GTDB_only
Sphingomonas_psychrolutea,GTDB_only
Sphingomonas_rubra,GTDB_only
Sphingomonas_sanguinis,GTDB_only
Sphingomonas_sanguinis_B,GTDB_only
Sphingomonas_sp000241485,GTDB_only
Sphingomonas_sp000251145,GTDB_only
Sphingomonas_sp000382485,GTDB_only
Sphingomonas_sp000797515,GTDB_only
Sphingomonas_sp001421245,GTDB_only
Sphingomonas_sp001421535,GTDB_only
Sphingomonas_sp001421785,GTDB_only
Sphingomonas_sp001421805,GTDB_only
Sphingomonas_sp001421965,GTDB_only
Sphingomonas_sp001425385,GTDB_only
Sphingomonas_sp001428865,GTDB_only
Sphingomonas_sp001555965,GTDB_only
Sphingomonas_sp001556185,GTDB_only
Sphingomonas_sp001557215,GTDB_only
Sphingomonas_sp002127225,GTDB_only
Sphingomonas_sp003050745,GTDB_only
Sphingomonas_sp003075315,GTDB_only
Sphingomonas_sp003355005,GTDB_only
Sphingomonas_sp004341505,GTDB_only
Sphingomonas_sp005502745,GTDB_only
Sphingomonas_sp012650175,GTDB_only
Sphingomonas_sp013374095,GTDB_only
Sphingomonas_sp014841615,GTDB_only
Sphingomonas_sp016107325,GTDB_only
Sphingomonas_sp016820445,GTDB_only
Sphingomonas_sp017745215,GTDB_only
Sphingomonas_sp021043365,GTDB_only
Sphingomonas_sp021391395,GTDB_only
Sphingomonas_sp022662475,GTDB_only
Sphingomonas_sp022664395,GTDB_only
Sphingomonas_sp023445495,GTDB_only
Sphingomonas_sp024496245,GTDB_only
Sphingomonas_sp900109205,GTDB_only
Sphingomonas_sp903643065,GTDB_only
Sphingomonas_sp903884945,GTDB_only
Sphingomonas_sp913777625,GTDB_only
Sphingomonas_sp913778135,GTDB_only
Sphingomonas_sp916858675,GTDB_only
Sphingomonas_sp943913195,GTDB_only
Sphingomonas_taxi,GTDB_only
Sphingomonas_taxi_B,GTDB_only
Sphingomonas_turrisvirgatae,GTDB_only
Sphingomonas_yabuuchiae,GTDB_only
Sphingomonas_yabuuchiae_A,GTDB_only
Sphingomonas_yunnanensis,GTDB_only
Sphingomonas_zeae,GTDB_only
Sphingopyxis_bauzanensis,GTDB_only
Sphingopyxis_flava,GTDB_only
Sphingopyxis_macrogoltabida_A,GTDB_only
Sphingopyxis_sp001427105,GTDB_only
Sphingopyxis_sp001468395,GTDB_only
Sphingopyxis_sp016463645,GTDB_only
Sphingopyxis_sp016793775,GTDB_only
Sphingopyxis_sp023424275,GTDB_only
Sphingorhabdus_B_sp017987825,GTDB_only
Sphingorhabdus_B_sp023262005,GTDB_only
Spirillospora_hallensis,GTDB_only
Spirillospora_sp001942465,GTDB_only
Spirosoma_sp012849055,GTDB_only
Sporofaciens_sp000403455,GTDB_only
Sporofaciens_sp910574715,GTDB_only
Sporofaciens_sp910574885,GTDB_only
Sporofaciens_sp910587575,GTDB_only
Sporothrix_globosa,GTDB_only
Stagonosporopsis_vannaccii,GTDB_only
Staphylococcus_aureus,GTDB_only
Staphylococcus_capitis,GTDB_only
Staphylococcus_cohnii,GTDB_only
Staphylococcus_haemolyticus,GTDB_only
Staphylococcus_hominis,GTDB_only
Staphylococcus_pettenkoferi,GTDB_only
Staphylococcus_warneri,GTDB_only
Stenotrophomonas_bentonitica_A,GTDB_only
Stenotrophomonas_indicatrix,GTDB_only
Stenotrophomonas_koreensis,GTDB_only
Stenotrophomonas_maltophilia_AH,GTDB_only
Stenotrophomonas_maltophilia_G,GTDB_only
Stenotrophomonas_maltophilia_Q,GTDB_only
Stenotrophomonas_maltophilia_S,GTDB_only
Stenotrophomonas_rhizophila_A,GTDB_only
Stenotrophomonas_sepilia,GTDB_only
Stigonema_ocellatum,GTDB_only
Stomatobaculum_naviforme,GTDB_only
Stomatobaculum_sp002892395,GTDB_only
Stomatobaculum_sp916439095,GTDB_only
Streptococcus_australis,GTDB_only
Streptococcus_australis_B,GTDB_only
Streptococcus_australis_C,GTDB_only
Streptococcus_constellatus,GTDB_only
Streptococcus_cristatus,GTDB_only
Streptococcus_equi,GTDB_only
Streptococcus_ilei,GTDB_only
Streptococcus_infantis_H,GTDB_only
Streptococcus_mitis_AT,GTDB_only
Streptococcus_mitis_BF,GTDB_only
Streptococcus_mitis_BM,GTDB_only
Streptococcus_mitis_BQ,GTDB_only
Streptococcus_parasanguinis,GTDB_only
Streptococcus_parasanguinis_E,GTDB_only
Streptococcus_pneumoniae,GTDB_only
Streptococcus_pseudopneumoniae_N,GTDB_only
Streptococcus_sanguinis,GTDB_only
Streptococcus_sanguinis_H,GTDB_only
Streptococcus_sp900550895,GTDB_only
Streptococcus_sp905221435,GTDB_only
Streptococcus_thermophilus,GTDB_only
Streptococcus_timonensis,GTDB_only
Streptomyces_armeniacus,GTDB_only
Streptomyces_puniciscabiei,GTDB_only
Streptomyces_sp001984575,GTDB_only
Streptomyces_sp004348315,GTDB_only
Streptomyces_sp016741785,GTDB_only
Streptomyces_sp020873915,GTDB_only
Streptomyces_sp021696945,GTDB_only
Streptomyces_sp024213665,GTDB_only
Stutzerimonas_balearica,GTDB_only
Stutzerimonas_degradans,GTDB_only
Stutzerimonas_phenolilytica,GTDB_only
Stutzerimonas_sp004331835,GTDB_only
Stutzerimonas_stutzeri,GTDB_only
Stutzerimonas_stutzeri_AQ,GTDB_only
Succinivibrio_sp000431835,GTDB_only
Sulfitobacter_sp001650875,GTDB_only
Sulfuritalea_sp016235805,GTDB_only
Sutcliffiella_cohnii,GTDB_only
Sutterella_sp900762445,GTDB_only
Szabonella_alba,GTDB_only
T1Sed10_7_sp003561535,GTDB_only
T1Sed10_7_sp003565155,GTDB_only
T1Sed10_7_sp007117945,GTDB_only
Tabrizicola_sp016792905,GTDB_only
Tahibacter_sp024437735,GTDB_only
Talaromyces_funiculosus,GTDB_only
Tannerella_serpentiformis,GTDB_only
Tardibacter_chloracetimidivorans,GTDB_only
Tateyamaria_sp007995245,GTDB_only
Telluria_alkalitolerans,GTDB_only
Telluria_arenae,GTDB_only
Telluria_atriviolacea,GTDB_only
Telluria_oculi,GTDB_only
Telluria_phosphatilytica,GTDB_only
Telluria_pinisoli,GTDB_only
Telluria_sp001424165,GTDB_only
Telluria_sp002354135,GTDB_only
Telluria_sp003484545,GTDB_only
Telluria_sp003520365,GTDB_only
Telluria_sp004798585,GTDB_only
Telluria_sp006715485,GTDB_only
Telluria_sp014171595,GTDB_only
Telluria_sp014841835,GTDB_only
Telluria_sp020708045,GTDB_only
Telluria_sp900101265,GTDB_only
Telluria_sp913773735,GTDB_only
Telluria_timonae,GTDB_only
Tepidimonas_alkaliphilus,GTDB_only
Tepidimonas_aquatica,GTDB_only
Tepidimonas_fonticaldi,GTDB_only
Tepidimonas_sp020723845,GTDB_only
Tepidimonas_taiwanensis,GTDB_only
Tepidiphilus_succinatimandens,GTDB_only
Terrabacter_sp000955875,GTDB_only
Terracoccus_sp001758225,GTDB_only
Tetrasphaera_A_australiensis,GTDB_only
Thermasporomyces_composti,GTDB_only
Thermobacillus_xylanilyticus,GTDB_only
Thermus_scotoductus,GTDB_only
Thermus_thermamylovorans,GTDB_only
Thomasclavelia_cocleata,GTDB_only
Tilletia_setariae,GTDB_only
Treponema_D_sp014334325,GTDB_only
Treponema_D_sp016293005,GTDB_only
Treponema_D_sp905372235,GTDB_only
Treponema_medium,GTDB_only
Treponema_sp000775995,GTDB_only
Treponema_sp010365865,GTDB_only
Treponema_vincentii,GTDB_only
Trichoderma_longibrachiatum,GTDB_only
Tropheryma_whipplei,GTDB_only
Tsukamurella_sp019656655,GTDB_only
Tsukamurella_sp023168325,GTDB_only
Tsukamurella_tyrosinosolvens,GTDB_only
Tsuneonella_mangrovi,GTDB_only
Tsuneonella_troitsensis,GTDB_only
Turicimonas_muris,GTDB_only
U87765_sp018131225,GTDB_only
UBA1067_sp902770045,GTDB_only
UBA11524_sp000437595,GTDB_only
UBA1217_sp900316965,GTDB_only
UBA12294_sp016716235,GTDB_only
UBA1417_sp900552925,GTDB_only
UBA1711_sp017545365,GTDB_only
UBA2031_sp003543245,GTDB_only
UBA2192_sp018053845,GTDB_only
UBA2834_sp004561445,GTDB_only
UBA2882_sp002362385,GTDB_only
UBA2922_sp905236515,GTDB_only
UBA3015_sp010024525,GTDB_only
UBA3263_sp001689615,GTDB_only
UBA3282_sp003612405,GTDB_only
UBA3282_sp009774175,GTDB_only
UBA3282_sp009774575,GTDB_only
UBA3282_sp009774585,GTDB_only
UBA3282_sp910575245,GTDB_only
UBA3282_sp910578475,GTDB_only
UBA3282_sp910584965,GTDB_only
UBA3282_sp910586705,GTDB_only
UBA3402_sp910577935,GTDB_only
UBA3402_sp910588865,GTDB_only
UBA3913_sp002391425,GTDB_only
UBA4285_sp900542465,GTDB_only
UBA4334_sp900316975,GTDB_only
UBA4765_sp002365175,GTDB_only
UBA5704_sp021154885,GTDB_only
UBA629_sp005465875,GTDB_only
UBA668_sp016213625,GTDB_only
UBA7173_sp001689485,GTDB_only
UBA7173_sp001689685,GTDB_only
UBA7173_sp002491305,GTDB_only
UBA7173_sp013316535,GTDB_only
UBA7173_sp013316675,GTDB_only
UBA7173_sp910579105,GTDB_only
UBA7173_sp910584365,GTDB_only
UBA7173_sp910587075,GTDB_only
UBA7405_sp000755535,GTDB_only
UBA7748_sp003862175,GTDB_only
UBA7748_sp900314535,GTDB_only
UBA8363_sp002753515,GTDB_only
UBA866_sp016901855,GTDB_only
UBA9382_sp003476595,GTDB_only
UBA955_sp023258655,GTDB_only
UMGS1370_sp910577645,GTDB_only
UMGS1975_sp900546685,GTDB_only
UMGS856_sp900546265,GTDB_only
Undibacterium_curvum,GTDB_only
Undibacterium_nitidum,GTDB_only
Ureaplasma_parvum,GTDB_only
Ureaplasma_urealyticum,GTDB_only
Urinicoccus_massiliensis,GTDB_only
VFMC01_sp009704985,GTDB_only
VGEU01_sp016869145,GTDB_only
VSOB01_sp009774625,GTDB_only
VSOB01_sp910585345,GTDB_only
VSOB01_sp910587635,GTDB_only
Varibaculum_cambriense,GTDB_only
Varibaculum_cambriense_B,GTDB_only
Varibaculum_massiliense,GTDB_only
Variovorax_sp002157355,GTDB_only
Variovorax_sp900115375,GTDB_only
Veillonella_montpellierensis,GTDB_only
Veillonella_nakazawae,GTDB_only
Veillonella_sp900538355,GTDB_only
Ventrimonas_sp910575255,GTDB_only
Ventrimonas_sp910584845,GTDB_only
Vescimonas_coprocola,GTDB_only
Vescimonas_sp001916855,GTDB_only
Vescimonas_sp900547745,GTDB_only
Vibrio_alfacsensis,GTDB_only
Vibrio_hibernica,GTDB_only
Vibrio_renipiscarius,GTDB_only
Vibrio_scophthalmi,GTDB_only
Virgibacillus_sp010994035,GTDB_only
WHTF01_sp021323355,GTDB_only
WLHSJ27_sp024362485,GTDB_only
WLMZ01_sp009726095,GTDB_only
Wagnerdoeblera_megaterium,GTDB_only
Wallemia_mellicola,GTDB_only
Waterburya_minor,GTDB_only
Wenzhouxiangella_sp007135355,GTDB_only
Wickerhamiella_versatilis,GTDB_only
Williamsia_muralis_A,GTDB_only
Winkia_neuii,GTDB_only
Winkia_sp002849225,GTDB_only
Xanthomonas_axonopodis,GTDB_only
Xylanimonas_oleitrophica,GTDB_only
Xylophilus_sp913776965,GTDB_only
Yaniella_halotolerans,GTDB_only
Yimella_indica,GTDB_only
Yimella_lutea,GTDB_only
Yonghaparkia_flavibacter,GTDB_only
ZC4RG30_sp003242275,GTDB_only
Zasmidium_cellare,GTDB_only
Zoogloea_sp017309145,GTDB_only
uncultured_Pleosporineae,GTDB_only
Acetatifactor_sp900066565,HROM_only
Acinetobacter_pittii,HROM_only
Aeromonas_taiwanensis,HROM_only
Aggregatibacter_kilianii,HROM_only
Arachnia_sp900607225,HROM_only
Arsenicicoccus_sp001189535,HROM_only
CAISGS01_sp017418605,HROM_only
Centipeda_flueggei,HROM_only
Chryseobacterium_mucoviscidosis,HROM_only
Eikenella_corrodens_B,HROM_only
Enterobacter_hormaechei,HROM_only
Faecalibacterium_prausnitzii,HROM_only
Faecalibacterium_prausnitzii_E,HROM_only
Faecalibacterium_prausnitzii_G,HROM_only
Geobacillus_sp002809955,HROM_only
HOT-345_sp013333295,HROM_only
Haemophilus_D_parainfluenzae_K,HROM_only
Haemophilus_D_parainfluenzae_M,HROM_only
Haemophilus_D_sp905215245,HROM_only
Klebsiella_grimontii,HROM_only
Klebsiella_variicola,HROM_only
Megasphaera_sp000417505,HROM_only
Mesocricetibacter_sp905373425,HROM_only
Microbacterium_oxydans,HROM_only
Mitsuokella_sp000469545,HROM_only
Neisseria_polysaccharea,HROM_only
Neisseria_sp002237445,HROM_only
Neisseria_subflava_C,HROM_only
Paenibacillus_amylolyticus,HROM_only
Pantoea_agglomerans,HROM_only
Paraclostridium_bifermentans,HROM_only
Phocaeicola_abscessus,HROM_only
Phocaeicola_massiliensis,HROM_only
Phocaeicola_plebeius,HROM_only
Prevotella_copri,HROM_only
Prevotella_fusca,HROM_only
Prevotella_scopos,HROM_only
Prevotella_sp000163055,HROM_only
Prevotella_sp000257925,HROM_only
Prevotella_sp000467895,HROM_only
Pseudomonas_E_fragi,HROM_only
Pseudomonas_E_simiae,HROM_only
Pseudomonas_F_sp003234055,HROM_only
Stenotrophomonas_maltophilia_A,HROM_only
Streptococcus_koreensis,HROM_only
Streptococcus_sp001553685,HROM_only
Tannerella_sp003033925,HROM_only
Treponema_B_sp905372345,HROM_only
Veillonella_dispar,HROM_only
g__Achromobacter_HROM_Genome_4899,HROM_only
g__Actinomyces_HROM_Genome_0303,HROM_only
g__Actinomyces_HROM_Genome_0322,HROM_only
g__Afipia_HROM_Genome_4801,HROM_only
g__Alloprevotella_HROM_Genome_1039,HROM_only
g__Alloprevotella_HROM_Genome_1042,HROM_only
g__Alloprevotella_HROM_Genome_1058,HROM_only
g__Alloprevotella_HROM_Genome_1059,HROM_only
g__Alloprevotella_HROM_Genome_1061,HROM_only
g__Bacteroides_D_HROM_Genome_1070,HROM_only
g__Bergeyella_A_HROM_Genome_1209,HROM_only
g__Brevundimonas_HROM_Genome_4794,HROM_only
g__Brevundimonas_HROM_Genome_4795,HROM_only
g__Bulleidia_HROM_Genome_2044,HROM_only
g__Campylobacter_B_HROM_Genome_1368,HROM_only
g__Capnocytophaga_HROM_Genome_1212,HROM_only
g__Capnocytophaga_HROM_Genome_1217,HROM_only
g__Capnocytophaga_HROM_Genome_1221,HROM_only
g__Capnocytophaga_HROM_Genome_1226,HROM_only
g__Cardiobacterium_HROM_Genome_4908,HROM_only
g__Cardiobacterium_HROM_Genome_4913,HROM_only
g__Corynebacterium_HROM_Genome_0366,HROM_only
g__Corynebacterium_HROM_Genome_0379,HROM_only
g__Corynebacterium_HROM_Genome_0382,HROM_only
g__Cryptobacteroides_HROM_Genome_0963,HROM_only
g__Cryptobacteroides_HROM_Genome_1021,HROM_only
g__Cupriavidus_HROM_Genome_4891,HROM_only
g__Eikenella_HROM_Genome_4842,HROM_only
g__Eubacterium_B_HROM_Genome_1922,HROM_only
g__GCA-2749205_HROM_Genome_5100,HROM_only
g__Haemophilus_D_HROM_Genome_4942,HROM_only
g__JABCPO02_HROM_Genome_1961,HROM_only
g__Johnsonella_HROM_Genome_1704,HROM_only
g__Lactobacillus_HROM_Genome_2077,HROM_only
g__Lautropia_HROM_Genome_4895,HROM_only
g__Limimorpha_HROM_Genome_1083,HROM_only
g__Mobiluncus_HROM_Genome_0351,HROM_only
g__Mogibacterium_HROM_Genome_1913,HROM_only
g__Moraxella_HROM_Genome_4990,HROM_only
g__Neisseria_HROM_Genome_4825,HROM_only
g__Neisseria_HROM_Genome_4833,HROM_only
g__Neisseria_HROM_Genome_4835,HROM_only
g__Neisseria_HROM_Genome_4837,HROM_only
g__Oribacterium_HROM_Genome_1855,HROM_only
g__Pauljensenia_HROM_Genome_0252,HROM_only
g__Pauljensenia_HROM_Genome_0253,HROM_only
g__Pauljensenia_HROM_Genome_0259,HROM_only
g__Pauljensenia_HROM_Genome_0260,HROM_only
g__Pauljensenia_HROM_Genome_0261,HROM_only
g__Pauljensenia_HROM_Genome_0265,HROM_only
g__Pauljensenia_HROM_Genome_0275,HROM_only
g__Pauljensenia_HROM_Genome_0277,HROM_only
g__Pauljensenia_HROM_Genome_0281,HROM_only
g__Pauljensenia_HROM_Genome_0292,HROM_only
g__Pauljensenia_HROM_Genome_0294,HROM_only
g__Pauljensenia_HROM_Genome_0296,HROM_only
g__Porphyromonas_A_HROM_Genome_1064,HROM_only
g__Porphyromonas_HROM_Genome_1062,HROM_only
g__Porphyromonas_HROM_Genome_1089,HROM_only
g__Porphyromonas_HROM_Genome_1101,HROM_only
g__Porphyromonas_HROM_Genome_1121,HROM_only
g__Porphyromonas_HROM_Genome_1123,HROM_only
g__Porphyromonas_HROM_Genome_1125,HROM_only
g__Porphyromonas_HROM_Genome_1133,HROM_only
g__Prevotella_HROM_Genome_0979,HROM_only
g__Prevotella_HROM_Genome_0980,HROM_only
g__Prevotella_HROM_Genome_0982,HROM_only
g__Prevotella_HROM_Genome_0986,HROM_only
g__Prevotella_HROM_Genome_0987,HROM_only
g__Prevotella_HROM_Genome_0989,HROM_only
g__Prevotella_HROM_Genome_0990,HROM_only
g__Prevotella_HROM_Genome_0992,HROM_only
g__Prevotella_HROM_Genome_0993,HROM_only
g__Prevotella_HROM_Genome_0994,HROM_only
g__Prevotella_HROM_Genome_1010,HROM_only
g__Prevotella_HROM_Genome_1014,HROM_only
g__Prevotella_HROM_Genome_1016,HROM_only
g__Rhizorhabdus_HROM_Genome_4809,HROM_only
g__Rothia_HROM_Genome_0045,HROM_only
g__Rothia_HROM_Genome_0125,HROM_only
g__Selenomonas_HROM_Genome_2716,HROM_only
g__Sodaliphilus_HROM_Genome_1040,HROM_only
g__Sphingopyxis_HROM_Genome_4812,HROM_only
g__Stomatobaculum_HROM_Genome_1890,HROM_only
g__Streptococcus_HROM_Genome_2093,HROM_only
g__Streptococcus_HROM_Genome_2214,HROM_only
g__Streptococcus_HROM_Genome_2290,HROM_only
g__Streptococcus_HROM_Genome_2304,HROM_only
g__Streptococcus_HROM_Genome_2458,HROM_only
g__Tannerella_HROM_Genome_1114,HROM_only
g__Tannerella_HROM_Genome_1115,HROM_only
g__Treponema_B_HROM_Genome_5024,HROM_only
g__Treponema_D_HROM_Genome_5063,HROM_only
g__Treponema_D_HROM_Genome_5066,HROM_only
g__Treponema_D_HROM_Genome_5067,HROM_only
g__Treponema_D_HROM_Genome_5068,HROM_only
g__Treponema_D_HROM_Genome_5082,HROM_only
g__Treponema_HROM_Genome_5041,HROM_only
g__Treponema_HROM_Genome_5043,HROM_only
g__Treponema_HROM_Genome_5046,HROM_only
g__Treponema_HROM_Genome_5049,HROM_only
g__Veillonella_HROM_Genome_2813,HROM_only
g__Veillonella_HROM_Genome_2826,HROM_only
g__Veillonella_HROM_Genome_2827,HROM_only
g__Veillonella_HROM_Genome_2828,HROM_only
g__Veillonella_HROM_Genome_2829,HROM_only
g__Veillonella_HROM_Genome_2831,HROM_only
g__Veillonella_HROM_Genome_2832,HROM_only
g__Veillonella_HROM_Genome_2834,HROM_only
g__Veillonella_HROM_Genome_2849,HROM_only
